time,ax (m/s^2),ay (m/s^2),az (m/s^2),aT (m/s^2)
0.002211,-0.6782,0.2020,-0.9153,1.157
0.007695,-0.4878,0.1944,-0.7062,0.880
0.008202,-0.2526,0.1667,-0.3820,0.487
0.012069,-0.0113,0.1134,-0.0170,0.115
0.017345,0.2052,0.0454,0.3479,0.406
0.021375,0.3544,-0.0021,0.6765,0.764
0.025629,0.4488,-0.0181,0.9279,1.031
0.030448,0.4838,-0.0077,1.1066,1.208
0.034927,0.4617,0.0335,1.2251,1.310
0.039583,0.3989,0.0910,1.3050,1.368
0.044238,0.3096,0.1531,1.3636,1.407
0.049130,0.2293,0.2028,1.4009,1.434
0.054093,0.1559,0.2309,1.3955,1.423
0.058250,0.1015,0.2350,1.3304,1.355
0.063468,0.0687,0.2370,1.2031,1.228
0.067792,0.0436,0.2467,1.0278,1.058
0.072615,0.0166,0.2480,0.8330,0.869
0.077372,-0.0266,0.2483,0.6381,0.685
0.081885,-0.0645,0.2601,0.4408,0.516
0.086521,-0.1021,0.2743,0.2267,0.370
0.091177,-0.1562,0.2842,0.0200,0.325
0.096862,-0.2100,0.2925,-0.1842,0.404
0.100482,-0.2637,0.3068,-0.3642,0.544
0.105332,-0.3103,0.3081,-0.5079,0.670
0.109739,-0.3283,0.2894,-0.6320,0.769
0.115371,-0.3204,0.2817,-0.7078,0.826
0.119241,-0.2990,0.2801,-0.7038,0.814
0.124169,-0.2617,0.2773,-0.6416,0.746
0.128551,-0.2113,0.2610,-0.5450,0.640
0.133253,-0.1786,0.2525,-0.4048,0.509
0.138191,-0.1634,0.2632,-0.2234,0.382
0.142896,-0.1560,0.2712,-0.0274,0.314
0.148975,-0.1540,0.2571,0.1640,0.342
0.152299,-0.1525,0.2231,0.3650,0.454
0.156865,-0.1320,0.1834,0.5445,0.589
0.161508,-0.0875,0.1544,0.6422,0.666
0.166163,-0.0426,0.1482,0.6772,0.695
0.172304,-0.0234,0.1507,0.6684,0.686
0.175423,-0.0366,0.1619,0.6276,0.649
0.180488,-0.0654,0.1823,0.5429,0.576
0.184799,-0.0690,0.2172,0.3950,0.456
0.189690,-0.0356,0.2380,0.2583,0.353
0.194195,-0.0087,0.2403,0.1714,0.295
0.199060,0.0045,0.2431,0.1175,0.270
0.204064,0.0088,0.2441,0.0655,0.253
0.208255,-0.0173,0.2482,0.0011,0.249
0.213604,-0.0788,0.2625,-0.0684,0.282
0.217901,-0.1543,0.2821,-0.0662,0.328
0.222327,-0.2225,0.2711,0.0149,0.351
0.227139,-0.2670,0.2746,0.0961,0.395
0.232243,-0.2829,0.2925,0.1678,0.440
0.236488,-0.2727,0.2886,0.2133,0.451
0.240961,-0.2436,0.2725,0.2206,0.427
0.246099,-0.2083,0.2640,0.2074,0.395
0.250903,-0.1900,0.2554,0.1587,0.356
0.258055,-0.1981,0.2469,0.1010,0.332
0.259669,-0.2110,0.2624,0.0534,0.341
0.264513,-0.2003,0.2757,0.0160,0.341
0.269220,-0.1901,0.2726,0.0077,0.332
0.274218,-0.1828,0.2627,0.0094,0.320
0.278567,-0.1830,0.2580,0.0185,0.317
0.283318,-0.1813,0.2487,0.0493,0.312
0.288530,-0.1657,0.2441,0.1086,0.314
0.292989,-0.1291,0.2463,0.1795,0.331
0.297544,-0.0622,0.2409,0.2310,0.340
0.302167,0.0090,0.2351,0.2701,0.358
0.306857,0.0657,0.2313,0.3085,0.391
0.311458,0.0943,0.2177,0.3269,0.404
0.316139,0.1070,0.2063,0.3229,0.398
0.322222,0.1326,0.1902,0.3132,0.390
0.325484,0.1709,0.1837,0.3075,0.397
0.330674,0.2073,0.1891,0.2987,0.410
0.334778,0.2252,0.1992,0.2751,0.408
0.339454,0.2127,0.2212,0.2394,0.389
0.344143,0.1677,0.2455,0.1820,0.349
0.348946,0.1116,0.2578,0.1105,0.302
0.353977,0.0394,0.2607,0.0515,0.269
0.358240,-0.0444,0.2591,-0.0019,0.263
0.363637,-0.0925,0.2649,-0.0212,0.281
0.367780,-0.1316,0.2731,0.0151,0.304
0.375338,-0.1734,0.2763,0.0801,0.336
0.377122,-0.1681,0.2886,0.1310,0.359
0.381696,-0.1088,0.2884,0.1390,0.338
0.386448,-0.0359,0.2620,0.1045,0.284
0.391192,0.0054,0.2334,0.0348,0.236
0.396226,-0.0108,0.2172,-0.0342,0.220
0.400299,-0.0650,0.2111,-0.1096,0.247
0.405410,-0.1283,0.2082,-0.1654,0.295
0.409646,-0.1457,0.2179,-0.1781,0.317
0.414438,-0.1128,0.2306,-0.1600,0.302
0.419083,-0.0800,0.2366,-0.0899,0.265
0.423931,-0.0662,0.2334,-0.0088,0.243
0.428455,-0.0615,0.2184,0.0522,0.233
0.433222,-0.0494,0.2104,0.0888,0.234
0.438416,-0.0278,0.1904,0.0869,0.211
0.442882,-0.0204,0.1656,0.0517,0.175
0.447466,-0.0440,0.1341,-0.0022,0.141
0.452199,-0.0676,0.1219,-0.0697,0.156
0.456735,-0.0654,0.1242,-0.0864,0.165
0.461422,-0.0068,0.1359,-0.0193,0.137
0.465848,0.0863,0.1638,0.0833,0.203
0.472018,0.1690,0.1931,0.1756,0.311
0.475379,0.2083,0.2238,0.2172,0.375
0.480240,0.1952,0.2344,0.2037,0.367
0.484694,0.1323,0.2063,0.1785,0.303
0.489483,0.0434,0.1732,0.1276,0.219
0.494143,-0.0499,0.1475,0.0538,0.165
0.499119,-0.1311,0.1268,-0.0285,0.185
0.503479,-0.1786,0.1043,-0.0861,0.224
0.508204,-0.1974,0.0776,-0.0861,0.229
0.513977,-0.1968,0.0493,-0.0649,0.213
0.517799,-0.1697,0.0265,-0.0157,0.172
0.522278,-0.1209,0.0162,0.0231,0.124
0.526938,-0.1026,0.0162,0.0255,0.107
0.531550,-0.1361,0.0240,0.0108,0.139
0.536507,-0.1780,0.0421,-0.0138,0.183
0.540900,-0.2381,0.0824,-0.0053,0.252
0.546728,-0.3093,0.1185,0.0337,0.333
0.550410,-0.3438,0.1338,0.0865,0.379
0.555525,-0.3538,0.1304,0.1693,0.413
0.559654,-0.3346,0.1179,0.2842,0.455
0.564718,-0.2862,0.1150,0.3808,0.490
0.569405,-0.2373,0.1167,0.4379,0.512
0.574285,-0.2163,0.1182,0.4321,0.497
0.579089,-0.2350,0.1337,0.3758,0.463
0.583275,-0.2886,0.1657,0.2863,0.439
0.588137,-0.3630,0.1996,0.1832,0.453
0.593010,-0.4346,0.2309,0.0717,0.497
0.597550,-0.4610,0.2762,-0.0527,0.540
0.602021,-0.4522,0.3308,-0.1660,0.584
0.606995,-0.4230,0.3565,-0.2372,0.602
0.612520,-0.3762,0.3486,-0.2547,0.573
0.616335,-0.3191,0.3333,-0.2189,0.511
0.621401,-0.2471,0.3177,-0.1588,0.433
0.625369,-0.1862,0.2992,-0.1174,0.371
0.630508,-0.1645,0.2805,-0.1090,0.343
0.634830,-0.1793,0.2687,-0.1026,0.339
0.639534,-0.2065,0.2570,-0.0838,0.340
0.644133,-0.2174,0.2289,-0.0577,0.321
0.649038,-0.2238,0.2085,-0.0100,0.306
0.654245,-0.2375,0.2102,0.0469,0.321
0.658743,-0.2179,0.1981,0.1177,0.317
0.663941,-0.1792,0.1865,0.2020,0.328
0.668143,-0.1357,0.1873,0.2522,0.342
0.672638,-0.0852,0.1933,0.2708,0.343
0.677150,-0.0325,0.1926,0.2798,0.341
0.681815,0.0078,0.2137,0.2816,0.354
0.686655,0.0287,0.2518,0.2622,0.365
0.691127,0.0704,0.2829,0.2172,0.364
0.696800,0.1111,0.3308,0.1612,0.384
0.700382,0.1484,0.3788,0.1157,0.423
0.705779,0.2036,0.4245,0.0904,0.479
0.709747,0.2549,0.4725,0.0946,0.545
0.715201,0.3094,0.5085,0.1187,0.607
0.719206,0.3671,0.5395,0.1791,0.677
0.724043,0.4257,0.5559,0.2800,0.754
0.729057,0.4761,0.5646,0.3902,0.835
0.733285,0.5113,0.5656,0.5020,0.913
0.738638,0.5296,0.5635,0.5750,0.964
0.742963,0.5383,0.5610,0.6117,0.989
0.747466,0.5401,0.5603,0.6264,0.999
0.752310,0.5331,0.5784,0.6285,1.007
0.756835,0.5176,0.5959,0.6346,1.013
0.761539,0.5081,0.6155,0.6398,1.023
0.766150,0.4907,0.6349,0.6367,1.024
0.772268,0.4654,0.6613,0.5873,0.999
0.775689,0.4443,0.6922,0.5252,0.976
0.781070,0.3963,0.7111,0.4530,0.932
0.784775,0.3334,0.7324,0.3661,0.884
0.789751,0.2625,0.7489,0.2864,0.844
0.794233,0.1811,0.7725,0.2140,0.822
0.799067,0.1055,0.7841,0.1608,0.807
0.804088,0.0522,0.7906,0.1529,0.807
0.808195,0.0374,0.7944,0.1664,0.813
0.814914,0.0394,0.7834,0.1677,0.802
0.817902,0.0509,0.7718,0.1358,0.785
0.822508,0.0549,0.7690,0.0805,0.775
0.827077,0.0135,0.7563,0.0140,0.757
0.831770,-0.0733,0.7362,-0.0824,0.744
0.836524,-0.1744,0.7233,-0.1537,0.760
0.840982,-0.2730,0.7058,-0.2000,0.783
0.845947,-0.3573,0.6792,-0.2405,0.804
0.850478,-0.3965,0.6697,-0.2565,0.819
0.856745,-0.3765,0.6628,-0.2362,0.798
0.859717,-0.3214,0.6395,-0.1945,0.742
0.864650,-0.2432,0.6283,-0.1578,0.692
0.869023,-0.1419,0.6266,-0.1214,0.654
0.874059,-0.0531,0.6153,-0.1092,0.627
0.879157,-0.0027,0.6017,-0.1186,0.613
0.883274,0.0119,0.6027,-0.1472,0.621
0.888414,0.0005,0.6017,-0.1923,0.632
0.893077,-0.0249,0.5870,-0.2418,0.635
0.897950,-0.0573,0.5756,-0.2812,0.643
0.902953,-0.0896,0.5747,-0.3010,0.655
0.907070,-0.1008,0.5700,-0.3177,0.660
0.912328,-0.0701,0.5473,-0.2837,0.620
0.916595,0.0209,0.5278,-0.1706,0.555
0.921589,0.1218,0.5209,-0.0217,0.535
0.926005,0.2252,0.5119,0.1341,0.575
0.931007,0.3642,0.4936,0.2946,0.680
0.935036,0.5169,0.4752,0.4598,0.839
0.940555,0.6667,0.4593,0.6059,1.011
0.944273,0.8043,0.4504,0.7068,1.162
0.949050,0.9161,0.4651,0.7862,1.294
0.954116,1.0242,0.4913,0.8701,1.431
0.958579,1.1078,0.5290,0.9436,1.548
0.963269,1.1557,0.5778,0.9971,1.632
0.968489,1.1755,0.6235,1.0614,1.702
0.973058,1.1584,0.6538,1.1359,1.749
0.977916,1.1335,0.6924,1.1989,1.789
0.981895,1.1013,0.7389,1.2098,1.795
0.987389,1.0361,0.7742,1.1665,1.742
0.991033,0.9427,0.8124,1.1263,1.678
0.995872,0.8570,0.8462,1.0797,1.617
1.000421,0.7720,0.8734,0.9958,1.533
1.005158,0.6663,0.8869,0.8631,1.406
1.010668,0.5425,0.8920,0.7057,1.260
1.015017,0.4100,0.8675,0.5622,1.112
1.019803,0.3134,0.8020,0.4089,0.953
1.023963,0.2471,0.7365,0.2751,0.824
1.028649,0.1793,0.6523,0.1565,0.694
1.033927,0.1328,0.5519,0.0441,0.569
1.038744,0.1141,0.4430,-0.0522,0.460
1.042811,0.1316,0.3352,-0.1153,0.378
1.047532,0.1680,0.2452,-0.1167,0.319
1.052749,0.2204,0.1657,-0.0614,0.283
1.057176,0.3170,0.0799,0.0550,0.332
1.062358,0.4694,-0.0075,0.2224,0.519
1.065897,0.6560,-0.0874,0.3973,0.772
1.071462,0.8438,-0.1647,0.5652,1.029
1.075570,1.0121,-0.2109,0.7184,1.259
1.080706,1.1236,-0.2264,0.8686,1.438
1.086060,1.1959,-0.2255,1.0532,1.609
1.090381,1.2491,-0.1967,1.2643,1.788
1.094150,1.3076,-0.1875,1.4966,1.996
1.099227,1.3742,-0.1908,1.7115,2.203
1.104044,1.4448,-0.2040,1.8755,2.376
1.108430,1.5277,-0.2404,1.9793,2.512
1.113725,1.5765,-0.2840,2.0145,2.574
1.117791,1.6071,-0.3415,2.0156,2.600
1.122430,1.6330,-0.4078,2.0046,2.618
1.127424,1.6442,-0.5041,1.9844,2.626
1.131996,1.6614,-0.5989,1.9559,2.635
1.137224,1.7124,-0.6802,1.9482,2.682
1.141241,1.8081,-0.7908,1.9598,2.781
1.145935,1.9596,-0.9018,2.0200,2.955
1.150679,2.1590,-0.9676,2.1461,3.194
1.156547,2.3486,-1.0073,2.3095,3.444
1.159596,2.5357,-1.0137,2.4815,3.690
1.164820,2.7449,-0.9842,2.6567,3.945
1.169157,2.9532,-0.9498,2.8346,4.202
1.173788,3.1572,-0.9059,3.0547,4.486
1.179104,3.3488,-0.8312,3.3637,4.819
1.183327,3.4795,-0.7191,3.7242,5.147
1.188907,3.5058,-0.5678,4.1202,5.440
1.193129,3.4291,-0.3733,4.5336,5.697
1.197680,3.2795,-0.1532,4.8939,5.893
1.202199,3.0793,0.0745,5.1859,6.032
1.206639,2.8388,0.3087,5.4115,6.119
1.212130,2.5367,0.5412,5.5894,6.162
1.216236,2.1782,0.7564,5.6571,6.109
1.220995,1.7707,0.9584,5.5047,5.861
1.225600,1.3308,1.1229,5.1229,5.411
1.230331,0.8912,1.2406,4.5418,4.792
1.235001,0.4335,1.3070,3.7774,4.021
1.239496,-0.0317,1.3231,2.9102,3.197
1.244398,-0.4632,1.2948,1.9947,2.423
1.249111,-0.8411,1.2256,1.0421,1.815
1.254080,-1.2267,1.1476,0.1012,1.683
1.258451,-1.6255,1.1289,-0.7410,2.113
1.264895,-1.6814,1.0101,-1.5090,2.475
1.267875,-1.4545,0.7510,-2.2014,2.743
1.273031,-1.3501,0.4978,-2.6863,3.047
1.277249,-1.3350,0.2674,-2.9709,3.268
1.281932,-1.3184,0.0954,-3.1130,3.382
1.287170,-1.2885,-0.0157,-3.1436,3.397
1.291060,-1.2190,-0.0729,-3.0533,3.288
1.295932,-1.0836,-0.1313,-2.8615,3.063
1.300225,-0.8722,-0.1907,-2.6142,2.762
1.305194,-0.6319,-0.2275,-2.3405,2.435
1.309894,-0.3737,-0.2705,-1.9863,2.039
1.314610,-0.0724,-0.3177,-1.5406,1.575
1.319613,0.2448,-0.3623,-1.0619,1.148
1.323708,0.5584,-0.4145,-0.5613,0.894
1.328933,0.8440,-0.4580,-0.0740,0.963
1.333478,1.0843,-0.4934,0.3032,1.229
1.338997,1.2259,-0.5565,0.5355,1.449
1.342919,1.2439,-0.6234,0.6295,1.527
1.347575,1.1558,-0.6673,0.6013,1.464
1.352092,0.9814,-0.7119,0.4531,1.294
1.356675,0.7087,-0.7473,0.1612,1.042
1.362100,0.3474,-0.7655,-0.2716,0.883
1.367138,-0.0647,-0.7660,-0.8067,1.114
1.370700,-0.4943,-0.7580,-1.3694,1.641
1.375784,-0.9084,-0.7408,-1.9139,2.244
1.380549,-1.3101,-0.7092,-2.4348,2.854
1.385024,-1.7145,-0.6629,-2.9171,3.448
1.389626,-2.0794,-0.6184,-3.3315,3.976
1.394336,-2.3984,-0.5803,-3.6823,4.433
1.399334,-2.6820,-0.5343,-3.9665,4.818
1.403981,-2.8999,-0.4828,-4.1883,5.117
1.408340,-3.0603,-0.4235,-4.3615,5.345
1.413751,-3.1806,-0.3545,-4.4404,5.474
1.418052,-3.2757,-0.2903,-4.3984,5.492
1.422600,-3.3511,-0.2244,-4.2544,5.420
1.427210,-3.3883,-0.1430,-4.0272,5.265
1.432397,-3.3710,-0.0584,-3.7334,5.030
1.437504,-3.2922,0.0332,-3.3852,4.722
1.441009,-3.1714,0.1146,-3.0135,4.376
1.446106,-3.0397,0.1780,-2.6758,4.054
1.450942,-2.8946,0.2302,-2.3937,3.763
1.457974,-2.7192,0.2541,-2.1459,3.473
1.459713,-2.5277,0.2664,-1.9371,3.196
1.464881,-2.3416,0.2549,-1.7819,2.954
1.469718,-2.1436,0.2032,-1.6828,2.733
1.474908,-1.9337,0.1353,-1.6279,2.531
1.479213,-1.7281,0.0850,-1.6388,2.383
1.483317,-1.4981,0.0480,-1.7181,2.280
1.489098,-1.2744,0.0104,-1.8275,2.228
1.493222,-1.0975,-0.0202,-1.9455,2.234
1.497897,-0.9743,-0.0385,-2.0652,2.284
1.501914,-0.8809,-0.0537,-2.1625,2.336
1.506787,-0.7911,-0.0727,-2.1990,2.338
1.511766,-0.7002,-0.0808,-2.1940,2.304
1.515907,-0.5964,-0.0849,-2.1855,2.267
1.521087,-0.4560,-0.0873,-2.1425,2.192
1.525603,-0.2860,-0.0878,-2.0577,2.079
1.531112,-0.1200,-0.0886,-1.9289,1.935
1.535151,0.0325,-0.0898,-1.7513,1.754
1.540955,0.2072,-0.0724,-1.5154,1.531
1.543976,0.4256,-0.0583,-1.2043,1.279
1.548839,0.7065,-0.0480,-0.8564,1.111
1.553368,1.0407,-0.0418,-0.5316,1.169
1.558168,1.4044,-0.0378,-0.2541,1.428
1.563002,1.7885,-0.0409,-0.0170,1.789
1.567685,2.1720,-0.0585,0.2057,2.182
1.572909,2.5127,-0.0788,0.4062,2.547
1.577071,2.7899,-0.0966,0.5529,2.846
1.582173,3.0023,-0.1164,0.6641,3.077
1.586718,3.1652,-0.1256,0.7560,3.257
1.591835,3.2817,-0.1164,0.8043,3.381
1.596903,3.3237,-0.1051,0.8062,3.422
1.600606,3.2723,-0.0865,0.8046,3.371
1.606843,3.1113,-0.0534,0.8305,3.221
1.609768,2.8813,0.0133,0.8885,3.015
1.615939,2.6204,0.0990,0.9886,2.802
1.619390,2.3375,0.1959,1.1216,2.600
1.624127,2.0060,0.2773,1.2422,2.376
1.629022,1.6542,0.3666,1.3510,2.167
1.633923,1.3100,0.4752,1.4580,2.017
1.639651,0.9534,0.5570,1.5400,1.895
1.642967,0.6005,0.6378,1.6452,1.864
1.647516,0.2648,0.7145,1.8102,1.964
1.652648,-0.0211,0.7722,1.9827,2.128
1.656985,-0.2246,0.7936,2.1202,2.275
1.661525,-0.3514,0.7548,2.2258,2.376
1.666053,-0.3903,0.6678,2.2902,2.417
1.671569,-0.3344,0.5374,2.2946,2.380
1.675953,-0.2310,0.3883,2.2433,2.288
1.681565,-0.1275,0.2521,2.1386,2.157
1.684808,-0.0521,0.1439,2.0207,2.027
1.689851,0.0071,0.0592,1.9544,1.955
1.694667,0.0770,0.0082,1.9584,1.960
1.699216,0.1435,-0.0375,2.0157,2.021
1.704734,0.2004,-0.0947,2.0706,2.082
1.708612,0.2625,-0.1585,2.1179,2.140
1.714807,0.3283,-0.2267,2.1810,2.217
1.718325,0.4007,-0.2947,2.2618,2.316
1.722478,0.4633,-0.3484,2.3122,2.384
1.727042,0.4804,-0.3690,2.3059,2.384
1.732535,0.4277,-0.3424,2.2336,2.300
1.737961,0.3500,-0.2620,2.1079,2.153
1.741271,0.3037,-0.1499,1.9485,1.978
1.746928,0.3187,-0.0424,1.7587,1.788
1.750972,0.3940,0.0219,1.5272,1.577
1.756380,0.4734,0.0429,1.2451,1.333
1.759667,0.5323,0.0398,0.9202,1.064
1.766893,0.5794,0.0224,0.5890,0.827
1.770206,0.6099,0.0148,0.2899,0.675
1.774858,0.6091,0.0033,0.0301,0.610
1.779576,0.5655,-0.0214,-0.1880,0.596
1.783369,0.5086,-0.0539,-0.3721,0.633
1.789816,0.4583,-0.0888,-0.5084,0.690
1.792999,0.3988,-0.1329,-0.6072,0.739
1.797728,0.3219,-0.2024,-0.6788,0.778
1.802292,0.2525,-0.2637,-0.7216,0.809
1.806764,0.1821,-0.2856,-0.7507,0.824
1.812776,0.0972,-0.2991,-0.7883,0.849
1.816435,-0.0229,-0.3017,-0.8325,0.886
1.821788,-0.1775,-0.2791,-0.8839,0.944
1.825538,-0.3568,-0.2220,-0.9426,1.032
1.831811,-0.5556,-0.1356,-1.0042,1.156
1.835522,-0.7596,-0.0560,-1.0901,1.330
1.839399,-0.9597,0.0067,-1.2000,1.537
1.844221,-1.1394,0.0571,-1.3410,1.761
1.848999,-1.3112,0.0948,-1.5006,1.995
1.854816,-1.4903,0.1077,-1.6664,2.238
1.858275,-1.6770,0.1173,-1.8355,2.489
1.865929,-1.8577,0.1235,-2.0196,2.747
1.867786,-2.0235,0.1166,-2.2277,3.012
1.875695,-2.1988,0.0945,-2.4330,3.281
1.876909,-2.3792,0.0572,-2.6400,3.554
1.881855,-2.5462,0.0168,-2.8389,3.813
1.886853,-2.7026,-0.0312,-3.0316,4.061
1.891327,-2.8274,-0.0841,-3.2082,4.277
1.896046,-2.9256,-0.1371,-3.3544,4.453
1.900264,-2.9954,-0.2090,-3.4721,4.590
1.905244,-3.0131,-0.2782,-3.5302,4.650
1.909959,-2.9812,-0.3447,-3.5335,4.636
1.914564,-2.8854,-0.4203,-3.4940,4.551
1.919713,-2.7475,-0.5052,-3.4165,4.413
1.924298,-2.6005,-0.6063,-3.2870,4.235
1.929447,-2.4393,-0.7142,-3.1153,4.021
1.933138,-2.2708,-0.8026,-2.9280,3.791
1.939465,-2.0801,-0.8858,-2.7278,3.543
1.943397,-1.8975,-0.9494,-2.5226,3.296
1.947513,-1.7125,-0.9959,-2.3392,3.065
1.951851,-1.5029,-1.0538,-2.1709,2.843
1.957279,-1.3232,-1.1207,-2.0039,2.650
1.961429,-1.1775,-1.1844,-1.8743,2.510
1.966476,-1.0657,-1.2281,-1.7654,2.400
1.970960,-0.9857,-1.2541,-1.6675,2.308
1.975679,-0.9377,-1.2696,-1.5755,2.230
1.980334,-0.8936,-1.2769,-1.4699,2.142
1.985679,-0.8208,-1.2883,-1.3596,2.045
1.990240,-0.7129,-1.3109,-1.2202,1.928
1.994353,-0.5805,-1.3354,-1.0654,1.804
1.999049,-0.4410,-1.3640,-0.9211,1.704
2.004697,-0.2905,-1.4158,-0.7866,1.645
2.008484,-0.1361,-1.4667,-0.6307,1.602
2.013622,0.0435,-1.5046,-0.4176,1.562
2.017818,0.2630,-1.5416,-0.1427,1.570
2.023487,0.4991,-1.5799,0.1576,1.664
2.026972,0.7380,-1.6287,0.4375,1.841
2.032003,0.9631,-1.7024,0.6920,2.075
2.037761,1.1751,-1.7933,0.9520,2.346
2.041014,1.3458,-1.8847,1.2482,2.631
2.046659,1.4667,-1.9644,1.5677,2.910
2.050584,1.5626,-2.0038,1.9003,3.173
2.055575,1.6202,-2.0056,2.2310,3.409
2.059736,1.6379,-1.9866,2.5399,3.617
2.064588,1.6376,-1.9427,2.8578,3.824
2.069577,1.6365,-1.8840,3.1890,4.049
2.075763,1.6493,-1.8087,3.4950,4.267
2.078820,1.6688,-1.7318,3.7422,4.448
2.083679,1.6688,-1.6348,3.8994,4.546
2.089360,1.6344,-1.5133,3.9672,4.550
2.092977,1.5937,-1.3987,3.9749,4.505
2.097893,1.5576,-1.3008,3.9400,4.432
2.101967,1.5060,-1.2029,3.8537,4.309
2.106932,1.4715,-1.1145,3.6955,4.131
2.112538,1.4725,-1.0619,3.4610,3.908
2.116458,1.4776,-1.0328,3.1818,3.657
2.121450,1.4602,-1.0055,2.8772,3.380
2.126067,1.4225,-0.9871,2.5594,3.090
2.131148,1.3476,-0.9436,2.2406,2.780
2.134934,1.2594,-0.8893,1.9351,2.474
2.139533,1.1629,-0.8360,1.6357,2.174
2.143907,1.0702,-0.7645,1.3494,1.884
2.149333,0.9865,-0.6672,1.0543,1.591
2.153438,0.8978,-0.5728,0.7551,1.305
2.159035,0.8069,-0.4931,0.4968,1.068
2.166242,0.7429,-0.4256,0.2934,0.905
2.170013,0.7154,-0.3655,0.1090,0.811
2.174926,0.6986,-0.3103,-0.0640,0.767
2.177358,0.6543,-0.2935,-0.1972,0.744
2.181532,0.5902,-0.2861,-0.3003,0.721
2.187102,0.5279,-0.2859,-0.3998,0.721
2.190736,0.4628,-0.3096,-0.4838,0.738
2.196406,0.4088,-0.3334,-0.5449,0.758
2.200340,0.3727,-0.3669,-0.6212,0.812
2.205227,0.3255,-0.4053,-0.7170,0.886
2.209448,0.2667,-0.4726,-0.8105,0.975
2.214314,0.2053,-0.5500,-0.9109,1.084
2.219789,0.1266,-0.6013,-1.0131,1.185
2.223773,0.0371,-0.6577,-1.0998,1.282
2.228600,-0.0562,-0.7095,-1.1876,1.384
2.233165,-0.1488,-0.7542,-1.2715,1.486
2.237854,-0.2189,-0.7773,-1.3351,1.560
2.242877,-0.2760,-0.7813,-1.3951,1.623
2.247436,-0.3225,-0.7710,-1.4780,1.698
2.252521,-0.3583,-0.7653,-1.5740,1.786
2.256879,-0.3979,-0.7737,-1.6688,1.882
2.262027,-0.4267,-0.7529,-1.7387,1.942
2.266426,-0.4610,-0.7220,-1.7624,1.960
2.271207,-0.5196,-0.6787,-1.7236,1.924
2.275388,-0.5973,-0.6112,-1.6465,1.855
2.280617,-0.6794,-0.5509,-1.5840,1.809
2.284251,-0.7563,-0.4934,-1.5315,1.778
2.289031,-0.8277,-0.4649,-1.4866,1.764
2.295131,-0.9078,-0.4754,-1.4783,1.799
2.299009,-1.0083,-0.4865,-1.4995,1.871
2.304335,-1.1007,-0.4886,-1.5786,1.986
2.308207,-1.1948,-0.4769,-1.7060,2.137
2.314295,-1.3195,-0.4584,-1.8430,2.313
2.317762,-1.4561,-0.4471,-2.0156,2.526
2.323310,-1.6024,-0.4307,-2.2116,2.765
2.326719,-1.7422,-0.4043,-2.3805,2.977
2.332019,-1.8330,-0.3961,-2.5480,3.164
2.336589,-1.8801,-0.4011,-2.6804,3.299
2.341581,-1.9174,-0.3953,-2.7679,3.390
2.346044,-1.9063,-0.3737,-2.8203,3.425
2.350412,-1.8394,-0.3554,-2.8188,3.385
2.355848,-1.7235,-0.3335,-2.7710,3.280
2.360393,-1.5775,-0.3271,-2.6818,3.129
2.364567,-1.4227,-0.3509,-2.5900,2.976
2.369328,-1.2683,-0.3548,-2.4980,2.824
2.374671,-1.1117,-0.3248,-2.4227,2.685
2.379861,-0.9790,-0.2873,-2.3501,2.562
2.384178,-0.8746,-0.2374,-2.2445,2.421
2.389891,-0.7740,-0.1751,-2.1589,2.300
2.392851,-0.6816,-0.1292,-2.0698,2.183
2.397673,-0.6087,-0.1112,-1.9608,2.056
2.401771,-0.5552,-0.1160,-1.8631,1.948
2.406833,-0.5329,-0.1263,-1.7816,1.864
2.412614,-0.5652,-0.1537,-1.7045,1.802
2.416451,-0.6401,-0.1859,-1.6176,1.750
2.421597,-0.7168,-0.2202,-1.5089,1.685
2.425600,-0.7501,-0.2492,-1.3710,1.582
2.431097,-0.7332,-0.2779,-1.2204,1.451
2.434762,-0.6906,-0.2969,-1.0663,1.305
2.440252,-0.6327,-0.3017,-0.8938,1.136
2.444095,-0.5580,-0.3238,-0.6927,0.947
2.448911,-0.4674,-0.3470,-0.5030,0.769
2.454767,-0.3644,-0.3813,-0.3192,0.616
2.458166,-0.2305,-0.3891,-0.1025,0.464
2.466680,-0.0977,-0.3660,0.1451,0.406
2.467598,-0.0049,-0.3463,0.4192,0.544
2.478158,0.0476,-0.3540,0.7344,0.817
2.480065,0.0982,-0.3989,1.0379,1.116
2.481529,0.1593,-0.4422,1.2792,1.363
2.486229,0.2008,-0.4597,1.5128,1.594
2.491366,0.2098,-0.4510,1.7806,1.849
2.496337,0.1976,-0.4321,2.0457,2.100
2.500492,0.1585,-0.4404,2.2830,2.330
2.505628,0.0750,-0.4679,2.4725,2.517
2.509418,-0.0087,-0.4903,2.6253,2.671
2.514369,-0.0582,-0.4765,2.7743,2.816
2.519049,-0.0968,-0.3674,2.9023,2.927
2.524438,-0.1365,-0.1971,2.9950,3.005
2.529641,-0.1732,-0.0025,3.0336,3.039
2.533994,-0.2099,0.2156,3.0188,3.034
2.538709,-0.2691,0.4372,2.9367,2.981
2.542744,-0.3255,0.6758,2.7931,2.892
2.547452,-0.3326,0.9306,2.5888,2.771
2.551652,-0.2919,1.1750,2.3439,2.638
2.556772,-0.2193,1.3918,2.0834,2.515
2.561583,-0.1232,1.5951,1.8103,2.416
2.566296,-0.0351,1.7683,1.5275,2.337
2.572084,0.0585,1.8921,1.2377,2.262
2.576915,0.1739,1.9668,0.9485,2.190
2.581616,0.3034,1.9759,0.7030,2.119
2.584536,0.4803,1.9077,0.5230,2.036
2.589667,0.7023,1.7695,0.4203,1.950
2.594162,0.9171,1.5854,0.3920,1.873
2.598943,1.0989,1.3674,0.4089,1.801
2.604332,1.2608,1.1394,0.4633,1.761
2.608748,1.4086,0.9257,0.5353,1.769
2.613432,1.5362,0.7243,0.6003,1.801
2.618255,1.6281,0.5214,0.6194,1.818
2.622945,1.6568,0.3059,0.5894,1.785
2.626790,1.6499,0.0811,0.5290,1.735
2.632316,1.6176,-0.1141,0.4378,1.680
2.636397,1.5652,-0.2739,0.3325,1.623
2.640857,1.4852,-0.4219,0.2133,1.559
2.646477,1.3798,-0.5431,0.0613,1.484
2.650764,1.2816,-0.6182,-0.1108,1.427
2.655402,1.1946,-0.6547,-0.2594,1.387
2.660066,1.1247,-0.6694,-0.3812,1.363
2.664390,1.0922,-0.6627,-0.4709,1.362
2.670368,1.0841,-0.6447,-0.5086,1.360
2.675745,1.0612,-0.6350,-0.5202,1.342
2.681408,1.0348,-0.6221,-0.5244,1.316
2.687699,1.0235,-0.5968,-0.4900,1.282
2.688869,1.0081,-0.5619,-0.3953,1.220
2.693130,0.9723,-0.5107,-0.2528,1.127
2.697793,0.9093,-0.4577,-0.0987,1.023
2.702240,0.7819,-0.3888,0.0257,0.874
2.706772,0.6050,-0.3014,0.1368,0.690
2.712754,0.4036,-0.2053,0.2364,0.511
2.716383,0.1761,-0.1218,0.3144,0.380
2.721230,-0.0648,-0.0461,0.3727,0.381
2.725533,-0.3090,0.0362,0.3989,0.506
2.730081,-0.5463,0.1107,0.4023,0.687
2.734726,-0.7812,0.1775,0.3777,0.886
2.739339,-0.9918,0.2290,0.3156,1.066
2.743990,-1.1688,0.2773,0.2254,1.222
2.749283,-1.3312,0.3294,0.1023,1.375
2.753358,-1.4960,0.3780,-0.0558,1.544
2.758192,-1.6608,0.4088,-0.2201,1.725
2.766912,-1.8118,0.4218,-0.3666,1.896
2.769700,-1.9299,0.4362,-0.5212,2.046
2.777419,-2.0107,0.4519,-0.6865,2.172
2.778668,-2.0734,0.4428,-0.8357,2.279
2.782756,-2.1277,0.4112,-1.0096,2.391
2.786803,-2.1761,0.3741,-1.2176,2.522
2.791148,-2.2092,0.3341,-1.4285,2.652
2.796397,-2.2246,0.3101,-1.6351,2.778
2.800769,-2.2536,0.2906,-1.8491,2.930
2.805871,-2.2943,0.2730,-2.0439,3.085
2.809432,-2.3397,0.2645,-2.2122,3.231
2.814317,-2.3928,0.2557,-2.3536,3.366
2.820030,-2.4349,0.2298,-2.4774,3.481
2.823828,-2.4569,0.1940,-2.5927,3.577
2.829374,-2.4546,0.1413,-2.6851,3.641
2.833736,-2.4281,0.0671,-2.7423,3.663
2.839038,-2.3896,-0.0213,-2.7643,3.654
2.843141,-2.3151,-0.1141,-2.7560,3.601
2.848888,-2.2283,-0.2181,-2.7031,3.510
2.851582,-2.1359,-0.3092,-2.6038,3.382
2.856709,-2.0299,-0.3824,-2.4634,3.215
2.861190,-1.8929,-0.4377,-2.2991,3.010
2.865853,-1.7361,-0.4844,-2.1353,2.794
2.871528,-1.5759,-0.5513,-1.9773,2.588
2.876691,-1.4023,-0.6146,-1.8421,2.395
2.881469,-1.2365,-0.6579,-1.7441,2.237
2.888207,-1.0977,-0.6884,-1.6739,2.117
2.889555,-1.0003,-0.7065,-1.6408,2.047
2.894968,-0.9400,-0.7051,-1.6421,2.019
2.899147,-0.9176,-0.6962,-1.6485,2.011
2.903900,-0.9026,-0.6752,-1.6571,2.004
2.907942,-0.8934,-0.6445,-1.6649,1.996
2.914285,-0.8788,-0.6255,-1.6428,1.965
2.917444,-0.8449,-0.6278,-1.6095,1.923
2.922812,-0.7922,-0.6512,-1.5217,1.835
2.926742,-0.6922,-0.6745,-1.3532,1.663
2.931670,-0.5327,-0.7026,-1.1113,1.419
2.937231,-0.3156,-0.7450,-0.8180,1.151
2.940682,-0.0599,-0.8063,-0.5358,0.970
2.946417,0.2014,-0.8962,-0.2913,0.964
2.950735,0.4693,-0.9976,-0.0277,1.103
2.955052,0.7497,-1.1294,0.2829,1.385
2.960394,1.0394,-1.2720,0.5962,1.748
2.963958,1.3186,-1.4061,0.8871,2.122
2.968717,1.5284,-1.5482,1.1598,2.465
2.974378,1.6317,-1.6931,1.4016,2.737
2.979287,1.6600,-1.8214,1.6148,2.946
2.983848,1.6469,-1.8998,1.8473,3.120
2.988809,1.5681,-1.9500,2.0731,3.249
2.993949,1.4202,-1.9696,2.2571,3.315
2.999206,1.2358,-1.9664,2.3715,3.319
3.002181,1.0423,-1.9312,2.4628,3.299
3.006482,0.8695,-1.8596,2.5365,3.263
3.012187,0.7522,-1.7833,2.5529,3.204
3.015818,0.6843,-1.7026,2.5127,3.111
3.021268,0.6477,-1.6009,2.4193,2.972
3.025731,0.6365,-1.4833,2.3045,2.814
3.031279,0.6804,-1.3714,2.1906,2.673
3.034511,0.7621,-1.2606,2.0946,2.561
3.039977,0.8285,-1.1578,2.0143,2.467
3.044152,0.8894,-1.0684,1.9567,2.400
3.048823,0.9786,-0.9615,1.9453,2.380
3.054192,1.0726,-0.8662,1.9846,2.416
3.058360,1.1411,-0.8046,2.0452,2.476
3.064866,1.1754,-0.7436,2.0809,2.503
3.067643,1.1693,-0.6714,2.0578,2.460
3.074626,1.1138,-0.5690,1.9731,2.336
3.080364,1.0288,-0.4484,1.8505,2.164
3.081167,0.9196,-0.3332,1.7208,1.979
3.086666,0.7866,-0.2517,1.5598,1.765
3.090925,0.6855,-0.1819,1.3601,1.534
3.096812,0.6217,-0.1278,1.1191,1.287
3.099912,0.5573,-0.1035,0.8269,1.003
3.106597,0.4902,-0.0939,0.5100,0.714
3.109633,0.4344,-0.1034,0.1923,0.486
3.114222,0.3943,-0.1173,-0.1282,0.431
3.118751,0.3598,-0.1446,-0.4343,0.582
3.124096,0.3232,-0.1756,-0.6898,0.782
3.128572,0.2788,-0.2102,-0.8822,0.949
3.132960,0.2500,-0.2437,-0.9897,1.049
3.138168,0.2622,-0.2831,-1.0118,1.083
3.142762,0.2643,-0.3288,-1.0055,1.090
3.148189,0.2510,-0.3977,-0.9633,1.072
3.151668,0.2581,-0.4708,-0.8851,1.035
3.156558,0.2663,-0.5028,-0.7901,0.974
3.161586,0.2662,-0.5105,-0.6831,0.893
3.165664,0.2721,-0.5206,-0.5713,0.819
3.171229,0.2843,-0.5234,-0.4237,0.731
3.175440,0.3199,-0.5050,-0.2479,0.647
3.181356,0.4109,-0.4800,-0.0755,0.636
3.186313,0.5080,-0.4463,0.0689,0.680
3.191554,0.5760,-0.4137,0.1728,0.730
3.194386,0.5967,-0.3607,0.2356,0.736
3.199274,0.5541,-0.2824,0.2426,0.668
3.203204,0.4586,-0.2169,0.2195,0.553
3.208325,0.3159,-0.1546,0.1849,0.397
3.213217,0.1414,-0.1164,0.1236,0.221
3.217361,-0.0546,-0.0975,0.0519,0.123
3.222466,-0.2978,-0.0854,-0.0305,0.311
3.226756,-0.5737,-0.0825,-0.1743,0.605
3.231498,-0.8703,-0.1003,-0.3457,0.942
3.236221,-1.1832,-0.1052,-0.5156,1.295
3.241139,-1.4773,-0.0899,-0.6836,1.630
3.246244,-1.7435,-0.0713,-0.8516,1.942
3.250049,-1.9708,-0.0399,-1.0310,2.225
3.256461,-2.1619,-0.0101,-1.2070,2.476
3.259408,-2.2981,0.0230,-1.4010,2.692
3.264415,-2.3873,0.0614,-1.5886,2.868
3.269404,-2.4274,0.1169,-1.7361,2.987
3.273685,-2.4163,0.1748,-1.8911,3.073
3.278150,-2.3833,0.2061,-2.0965,3.181
3.283118,-2.3455,0.2275,-2.3183,3.306
3.288149,-2.2985,0.2485,-2.5491,3.441
3.294458,-2.2621,0.2643,-2.7789,3.593
3.297354,-2.2530,0.2869,-2.9789,3.746
3.301738,-2.2858,0.3141,-3.1514,3.906
3.306811,-2.3750,0.3342,-3.2916,4.073
3.311041,-2.5159,0.3451,-3.3872,4.233
3.315717,-2.6800,0.3615,-3.4121,4.354
3.321143,-2.8454,0.3814,-3.3591,4.419
3.325235,-3.0096,0.3956,-3.2431,4.442
3.331490,-3.1240,0.3877,-3.0644,4.393
3.334228,-3.1571,0.3699,-2.8259,4.253
3.339739,-3.1658,0.3327,-2.5233,4.062
3.344896,-3.1690,0.2882,-2.2024,3.870
3.348748,-3.1185,0.2291,-1.8706,3.644
3.353137,-3.0049,0.1718,-1.5278,3.375
3.358273,-2.7999,0.1326,-1.2264,3.060
3.364288,-2.4970,0.0819,-0.9830,2.685
3.367530,-2.1447,0.0313,-0.8087,2.292
3.373768,-1.8156,-0.0150,-0.7176,1.952
3.376527,-1.5031,-0.0481,-0.6779,1.650
3.383337,-1.1817,-0.0683,-0.6891,1.370
3.388364,-0.8858,-0.0686,-0.7744,1.179
3.394994,-0.6091,-0.0634,-0.8997,1.088
3.396051,-0.3471,-0.0453,-1.0406,1.098
3.400512,-0.1099,-0.0139,-1.1824,1.188
3.405453,0.0981,0.0263,-1.2943,1.298
3.409689,0.2754,0.0547,-1.3385,1.368
3.413990,0.4254,0.0530,-1.3037,1.372
3.418788,0.5659,0.0099,-1.1858,1.314
3.424097,0.7193,-0.0736,-1.0047,1.238
3.428971,0.8722,-0.1613,-0.7586,1.167
3.433450,1.0015,-0.2407,-0.4316,1.117
3.437936,1.1198,-0.3045,-0.0480,1.161
3.442865,1.2299,-0.3505,0.3799,1.334
3.446763,1.3556,-0.3887,0.8591,1.651
3.451603,1.5184,-0.4292,1.3490,2.076
3.456338,1.7184,-0.4586,1.8136,2.540
3.460982,1.9365,-0.4822,2.2263,2.990
3.467084,2.1564,-0.4916,2.5845,3.402
3.471069,2.3592,-0.4682,2.8831,3.755
3.476478,2.5237,-0.4172,3.0838,4.007
3.482320,2.6408,-0.3582,3.1789,4.148
3.485043,2.6680,-0.2885,3.1685,4.152
3.489923,2.5816,-0.1911,3.0666,4.013
3.494412,2.3604,-0.0849,2.9093,3.747
3.499349,2.0210,0.0497,2.7304,3.397
3.503558,1.5962,0.1935,2.5640,3.026
3.508147,1.1068,0.3086,2.4563,2.712
3.513917,0.5902,0.4020,2.4341,2.537
3.517700,0.0838,0.4879,2.4598,2.509
3.522608,-0.3751,0.5587,2.5125,2.601
3.526386,-0.7349,0.5994,2.6023,2.770
3.531406,-0.9531,0.5979,2.6794,2.906
3.537222,-0.9825,0.5702,2.7103,2.939
3.540387,-0.8231,0.5374,2.6689,2.844
3.546218,-0.5325,0.4898,2.5454,2.646
3.550204,-0.1828,0.4418,2.3377,2.386
3.555267,0.1426,0.4058,2.0601,2.105
3.559423,0.3626,0.3775,1.7700,1.846
3.565392,0.4633,0.3742,1.4864,1.601
3.569217,0.4881,0.3871,1.2307,1.379
3.573662,0.5181,0.3927,1.0558,1.240
3.579237,0.5968,0.3439,0.9708,1.190
3.587520,0.7107,0.2484,0.9273,1.194
3.590604,0.8295,0.1613,0.9054,1.238
3.593396,0.9208,0.0997,0.8969,1.289
3.597839,0.9642,0.0494,0.9179,1.332
3.601823,0.9533,0.0058,0.9772,1.365
3.606873,0.9082,-0.0382,1.0813,1.413
3.612380,0.8555,-0.0876,1.2250,1.497
3.616190,0.8286,-0.1091,1.3677,1.603
3.620861,0.8392,-0.0915,1.4975,1.719
3.624935,0.8272,-0.0332,1.6122,1.812
3.630403,0.7751,0.0461,1.6573,1.830
3.634228,0.6964,0.1266,1.6147,1.763
3.639997,0.6067,0.2102,1.5259,1.655
3.643901,0.5094,0.2894,1.4086,1.526
3.648485,0.4037,0.3448,1.2566,1.364
3.653205,0.3100,0.3692,1.0633,1.168
3.658895,0.2398,0.3864,0.8461,0.961
3.663917,0.2117,0.3822,0.6053,0.746
3.667655,0.2017,0.3494,0.3481,0.533
3.671894,0.1882,0.3171,0.0794,0.377
3.676281,0.1834,0.2834,-0.1746,0.380
3.682912,0.1683,0.2510,-0.3853,0.490
3.690996,0.1533,0.2465,-0.5579,0.629
3.691285,0.1437,0.2559,-0.6931,0.753
3.695368,0.1401,0.2697,-0.8392,0.893
3.699792,0.1527,0.3004,-0.9821,1.038
3.704374,0.1796,0.3121,-1.0937,1.151
3.710433,0.2075,0.3025,-1.1987,1.254
3.713655,0.2158,0.3053,-1.2834,1.337
3.718720,0.1861,0.3037,-1.3463,1.393
3.723674,0.1048,0.3050,-1.4046,1.441
3.728357,-0.0088,0.3188,-1.4704,1.505
3.732474,-0.1544,0.3352,-1.5535,1.597
3.737368,-0.3272,0.3447,-1.6394,1.707
3.742092,-0.5083,0.3566,-1.7281,1.836
3.747055,-0.6929,0.3779,-1.8218,1.985
3.752149,-0.9007,0.3965,-1.9153,2.153
3.756175,-1.1176,0.4100,-1.9989,2.327
3.760747,-1.3440,0.4206,-2.0745,2.507
3.765518,-1.5732,0.4166,-2.1442,2.692
3.770387,-1.7675,0.3978,-2.2170,2.863
3.777879,-1.9466,0.3693,-2.3092,3.043
3.781744,-2.1018,0.3071,-2.4202,3.220
3.784195,-2.2218,0.2378,-2.5374,3.381
3.788966,-2.3217,0.1806,-2.6292,3.512
3.793418,-2.3854,0.1189,-2.6784,3.589
3.798674,-2.4062,0.0647,-2.6896,3.609
3.803062,-2.3988,0.0131,-2.6769,3.595
3.807483,-2.3540,-0.0596,-2.6450,3.541
3.813405,-2.2646,-0.1510,-2.5987,3.450
3.816980,-2.1427,-0.2490,-2.5331,3.327
3.821938,-2.0024,-0.3490,-2.4366,3.173
3.828672,-1.8551,-0.4484,-2.3025,2.991
3.831091,-1.7266,-0.5376,-2.1455,2.806
3.836037,-1.6134,-0.6187,-1.9833,2.630
3.840096,-1.5145,-0.6987,-1.7950,2.450
3.845379,-1.4217,-0.7509,-1.5838,2.257
3.849577,-1.3416,-0.8014,-1.3599,2.072
3.855671,-1.2713,-0.8641,-1.1497,1.920
3.858824,-1.2058,-0.9124,-0.9558,1.789
3.863688,-1.1331,-0.9319,-0.7521,1.649
3.869243,-1.0816,-0.9130,-0.5409,1.515
3.873728,-1.0517,-0.8657,-0.3388,1.404
3.879659,-1.0058,-0.8070,-0.1310,1.296
3.885996,-0.9325,-0.7663,0.0878,1.210
3.887918,-0.8232,-0.7393,0.3038,1.147
3.892023,-0.6980,-0.7075,0.5178,1.121
3.897381,-0.5506,-0.6883,0.7016,1.127
3.901078,-0.3723,-0.6726,0.8630,1.156
3.906362,-0.1848,-0.6513,0.9854,1.196
3.911030,0.0164,-0.6508,1.0618,1.246
3.915779,0.2241,-0.6474,1.1018,1.297
3.920697,0.4120,-0.6362,1.0863,1.325
3.924600,0.5612,-0.6407,1.0320,1.338
3.931022,0.6717,-0.6248,0.9630,1.330
3.934011,0.7535,-0.5879,0.8981,1.311
3.938811,0.8308,-0.5465,0.8492,1.308
3.944356,0.8898,-0.4930,0.8254,1.310
3.948333,0.9167,-0.4463,0.8455,1.325
3.953114,0.9214,-0.4179,0.9188,1.367
3.957493,0.9333,-0.3839,1.0136,1.430
3.963776,1.0033,-0.3538,1.1509,1.567
3.966910,1.0939,-0.3538,1.3181,1.749
3.972304,1.1940,-0.3789,1.4641,1.927
3.977086,1.3064,-0.4173,1.5911,2.101
3.981914,1.3932,-0.4503,1.7036,2.246
3.988077,1.4638,-0.4588,1.8184,2.379
3.994235,1.5176,-0.4265,1.9335,2.495
3.995383,1.5609,-0.3993,2.0305,2.592
4.000146,1.6190,-0.3943,2.1127,2.691
4.005826,1.6937,-0.3998,2.1445,2.762
4.008972,1.7606,-0.4112,2.1048,2.775
4.014187,1.7955,-0.4166,2.0226,2.737
4.018817,1.8033,-0.3993,1.9171,2.662
4.023530,1.7910,-0.3642,1.7837,2.554
4.028966,1.7440,-0.3326,1.6179,2.402
4.033578,1.6576,-0.2804,1.4315,2.208
4.037599,1.5345,-0.2028,1.2318,1.978
4.042161,1.3629,-0.1138,1.0305,1.712
4.048045,1.1480,-0.0158,0.8656,1.438
4.051535,0.8948,0.0818,0.7371,1.162
4.056201,0.6369,0.1672,0.6566,0.930
4.061867,0.4079,0.2452,0.6314,0.791
4.065335,0.2080,0.2918,0.6110,0.708
4.070080,0.0419,0.3261,0.6095,0.693
4.075182,-0.0853,0.3551,0.6507,0.746
4.082266,-0.1663,0.3785,0.7057,0.818
4.085796,-0.2132,0.3818,0.7768,0.891
4.090259,-0.2382,0.3505,0.8618,0.960
4.093688,-0.2366,0.2941,0.9321,1.006
4.098426,-0.2158,0.2268,0.9590,1.009
4.103677,-0.1807,0.1511,0.9405,0.969
4.107765,-0.1482,0.0648,0.8550,0.870
4.112837,-0.1066,-0.0293,0.7485,0.757
4.117242,-0.0586,-0.1047,0.6640,0.675
4.122676,-0.0162,-0.1514,0.5421,0.563
4.126218,0.0302,-0.1957,0.4114,0.457
4.131419,0.0806,-0.2084,0.2719,0.352
4.136804,0.0899,-0.1942,0.1211,0.246
4.141089,0.0366,-0.1960,-0.0029,0.199
4.146217,-0.0384,-0.1730,-0.1001,0.203
4.149870,-0.1133,-0.1323,-0.1684,0.242
4.156267,-0.2146,-0.0860,-0.2125,0.314
4.158990,-0.3229,-0.0130,-0.2229,0.393
4.163752,-0.4048,0.0626,-0.1999,0.456
4.169324,-0.4767,0.1401,-0.1747,0.527
4.173096,-0.5241,0.2287,-0.1716,0.597
4.178493,-0.5442,0.3279,-0.1884,0.663
4.182846,-0.5563,0.4061,-0.2489,0.732
4.189675,-0.5675,0.4513,-0.3796,0.818
4.193404,-0.5921,0.4732,-0.5541,0.939
4.198716,-0.6299,0.4813,-0.7699,1.105
4.201052,-0.6737,0.4831,-1.0222,1.316
4.205707,-0.7499,0.4598,-1.2847,1.557
4.211791,-0.8705,0.4333,-1.5500,1.830
4.215577,-0.9877,0.3992,-1.8133,2.103
4.220393,-1.1016,0.3484,-2.0528,2.356
4.225236,-1.2219,0.2955,-2.2831,2.606
4.230026,-1.3437,0.2173,-2.4919,2.839
4.234822,-1.4553,0.1356,-2.6458,3.023
4.239210,-1.5448,0.0695,-2.7663,3.169
4.243693,-1.6291,0.0097,-2.8533,3.286
4.248455,-1.6965,-0.0439,-2.9162,3.374
4.253962,-1.7498,-0.0962,-2.9501,3.431
4.258309,-1.7773,-0.1306,-2.9546,3.450
4.262888,-1.7890,-0.1474,-2.9440,3.448
4.267828,-1.8044,-0.1588,-2.9204,3.437
4.275512,-1.8094,-0.1912,-2.8740,3.401
4.276667,-1.8066,-0.2140,-2.7998,3.339
4.288232,-1.8009,-0.2248,-2.6907,3.246
4.289488,-1.7804,-0.2455,-2.5825,3.146
4.290356,-1.7309,-0.2712,-2.5016,3.054
4.296020,-1.6928,-0.3093,-2.4191,2.969
4.300306,-1.6712,-0.3645,-2.3375,2.896
4.305359,-1.6465,-0.4364,-2.2641,2.833
4.309078,-1.6592,-0.5129,-2.2062,2.808
4.314444,-1.6970,-0.5865,-2.1521,2.803
4.318404,-1.7498,-0.6521,-2.1142,2.821
4.323806,-1.8125,-0.6949,-2.0735,2.840
4.328814,-1.9060,-0.7361,-1.9994,2.859
4.332545,-2.0181,-0.7684,-1.9066,2.881
4.337246,-2.1102,-0.7889,-1.8025,2.885
4.342210,-2.1631,-0.8310,-1.6967,2.872
4.346772,-2.1434,-0.8825,-1.6108,2.823
4.351022,-2.0441,-0.9363,-1.5304,2.720
4.356297,-1.8939,-0.9920,-1.4602,2.589
4.360526,-1.7096,-1.0593,-1.4003,2.451
4.365072,-1.5032,-1.1070,-1.3293,2.292
4.370254,-1.2723,-1.1282,-1.2183,2.092
4.374461,-1.0168,-1.1422,-1.0627,1.862
4.381768,-0.7633,-1.1517,-0.8385,1.616
4.387681,-0.5306,-1.1499,-0.5581,1.384
4.388733,-0.3210,-1.1274,-0.2907,1.208
4.393732,-0.1203,-1.1086,-0.0412,1.116
4.398507,0.0617,-1.0888,0.1716,1.104
4.403490,0.2006,-1.0515,0.3507,1.126
4.407258,0.3151,-1.0278,0.5180,1.193
4.411917,0.4095,-0.9868,0.6572,1.254
4.416694,0.4716,-0.9118,0.7831,1.291
4.422645,0.5081,-0.8291,0.9031,1.327
4.425829,0.5069,-0.7509,1.0199,1.364
4.430710,0.4919,-0.6770,1.1265,1.403
4.436272,0.5179,-0.6193,1.2492,1.487
4.440308,0.5995,-0.5876,1.3713,1.608
4.445723,0.7010,-0.5457,1.4875,1.733
4.450025,0.8015,-0.4865,1.6070,1.861
4.455539,0.8897,-0.4102,1.7102,1.971
4.459878,0.9542,-0.3145,1.8250,2.083
4.463752,0.9862,-0.2136,1.9487,2.194
4.468518,0.9717,-0.1030,2.0471,2.268
4.473796,0.9257,0.0127,2.1392,2.331
4.477807,0.8724,0.1189,2.2341,2.401
4.483593,0.8120,0.2155,2.3244,2.472
4.487454,0.7519,0.3046,2.3716,2.507
4.497248,0.7042,0.3908,2.3996,2.531
4.498155,0.6805,0.4595,2.4110,2.547
4.501240,0.6826,0.5176,2.4253,2.572
4.505933,0.6694,0.5649,2.4789,2.629
4.511762,0.6479,0.6059,2.5409,2.691
4.515904,0.6225,0.6262,2.5826,2.729
4.520618,0.5931,0.6212,2.5901,2.729
4.524499,0.5570,0.5935,2.5995,2.724
4.531055,0.5237,0.5481,2.6084,2.716
4.534285,0.4932,0.5020,2.6050,2.698
4.539305,0.4296,0.4433,2.6013,2.674
4.543743,0.3308,0.3986,2.5875,2.639
4.548219,0.2135,0.3751,2.5660,2.602
4.553641,0.1016,0.3587,2.5130,2.541
4.558015,-0.0097,0.3520,2.4432,2.468
4.562268,-0.1280,0.3527,2.3757,2.405
4.567399,-0.2339,0.3562,2.3131,2.352
4.575364,-0.3345,0.3675,2.2599,2.314
4.579847,-0.4175,0.4080,2.1944,2.271
4.590389,-0.4615,0.4608,2.1261,2.224
4.591624,-0.4693,0.4993,2.0600,2.171
4.592095,-0.4461,0.5232,1.9775,2.094
4.595658,-0.4188,0.5347,1.8814,2.000
4.600556,-0.3903,0.5526,1.7672,1.892
4.604582,-0.3752,0.5647,1.6376,1.772
4.609112,-0.3711,0.5900,1.4950,1.649
4.614038,-0.3593,0.6213,1.3348,1.516
4.619464,-0.3423,0.6323,1.1669,1.371
4.623369,-0.3132,0.6396,1.0106,1.236
4.628765,-0.2604,0.6554,0.8494,1.104
4.633360,-0.1984,0.6653,0.7098,0.993
4.637704,-0.1201,0.6694,0.6013,0.908
4.641878,-0.0420,0.6654,0.4951,0.830
4.646306,0.0264,0.6560,0.4008,0.769
4.651144,0.0902,0.6484,0.3443,0.740
4.656832,0.1497,0.6498,0.3325,0.745
4.660799,0.1837,0.6412,0.3101,0.736
4.665154,0.1949,0.6369,0.2771,0.721
4.670796,0.2171,0.6539,0.2641,0.738
4.675414,0.2410,0.6827,0.2494,0.766
4.681711,0.2458,0.7115,0.2253,0.786
4.688703,0.2345,0.7452,0.2057,0.808
4.689725,0.2147,0.7839,0.1851,0.834
4.693950,0.1803,0.8183,0.1700,0.855
4.698762,0.1129,0.8529,0.1643,0.876
4.703122,0.0153,0.8997,0.1461,0.912
4.708020,-0.1145,0.9681,0.1174,0.982
4.714386,-0.3095,1.0557,0.0563,1.102
4.717262,-0.5698,1.1479,-0.0467,1.282
4.722201,-0.8788,1.2472,-0.1818,1.537
4.726949,-1.1934,1.3652,-0.3274,1.843
4.731312,-1.4826,1.4876,-0.4761,2.154
4.735789,-1.7706,1.6071,-0.6207,2.470
4.740521,-2.0267,1.7402,-0.7584,2.777
4.745497,-2.2490,1.8794,-0.8767,3.059
4.750806,-2.4740,1.9935,-0.9633,3.320
4.755459,-2.6857,2.0728,-1.0605,3.554
4.759209,-2.8444,2.1553,-1.1865,3.761
4.763792,-2.9413,2.2195,-1.3361,3.919
4.768351,-3.0009,2.2389,-1.4823,4.027
4.773663,-3.0284,2.2304,-1.6224,4.096
4.778894,-3.0411,2.2130,-1.7657,4.155
4.795054,-3.0585,2.1797,-1.8997,4.209
4.796191,-3.0597,2.1189,-2.0073,4.229
4.796711,-3.0425,2.0618,-2.0618,4.214
4.797276,-3.0215,1.9916,-2.0585,4.163
4.800898,-2.9823,1.8894,-2.0118,4.063
4.807864,-2.9342,1.7555,-1.9458,3.934
4.811414,-2.8819,1.6043,-1.8607,3.787
4.815712,-2.7870,1.4530,-1.7446,3.595
4.820811,-2.6898,1.2947,-1.6073,3.390
4.824642,-2.5923,1.1440,-1.4397,3.178
4.830080,-2.4938,1.0179,-1.2399,2.965
4.834226,-2.4101,0.8930,-1.0158,2.764
4.838867,-2.3287,0.7694,-0.8063,2.582
4.843446,-2.2418,0.6522,-0.6165,2.415
4.848119,-2.1447,0.5558,-0.4131,2.254
4.852728,-2.0443,0.4778,-0.2056,2.109
4.858423,-1.9292,0.4061,-0.0010,1.971
4.862322,-1.7923,0.3476,0.1674,1.833
4.867087,-1.6294,0.2948,0.3072,1.684
4.875098,-1.4459,0.2522,0.4452,1.534
4.876185,-1.2544,0.2239,0.5963,1.407
4.882386,-1.0699,0.2097,0.7872,1.345
4.889755,-0.8858,0.2141,0.9874,1.344
4.890647,-0.6903,0.2203,1.1851,1.389
4.895216,-0.4694,0.1851,1.3925,1.481
4.900252,-0.2251,0.1183,1.6046,1.625
4.905370,0.0474,0.0300,1.8071,1.808
4.908769,0.3223,-0.0823,2.0161,2.043
4.914864,0.5906,-0.2059,2.2172,2.304
4.918329,0.8430,-0.3334,2.3980,2.564
4.923243,1.0518,-0.4308,2.5484,2.790
4.927657,1.2368,-0.5002,2.6963,3.008
4.933434,1.3869,-0.5414,2.8341,3.201
4.938730,1.4927,-0.5567,2.9565,3.358
4.941757,1.5596,-0.5582,3.1207,3.533
4.948180,1.5923,-0.5197,3.3192,3.718
4.952031,1.6078,-0.4467,3.5256,3.901
4.956375,1.6199,-0.3661,3.7471,4.099
4.960464,1.6211,-0.2812,3.9601,4.288
4.965045,1.6232,-0.1950,4.1600,4.470
4.969774,1.6601,-0.0601,4.3580,4.664
4.974822,1.7181,0.0635,4.5103,4.827
4.983022,1.7472,0.1370,4.5902,4.913
4.983844,1.7380,0.1988,4.6215,4.942
4.989548,1.6901,0.2438,4.6575,4.961
4.994458,1.6034,0.2623,4.6813,4.955
4.998040,1.4831,0.2901,4.6232,4.864
5.003187,1.3108,0.3414,4.4563,4.658
5.008167,1.0843,0.4237,4.2117,4.370
5.012838,0.8084,0.5274,3.9302,4.047
5.017217,0.4971,0.6217,3.6317,3.718
5.022007,0.1736,0.6996,3.3384,3.415
5.026411,-0.1365,0.7421,3.0583,3.150
5.031518,-0.3980,0.7729,2.8090,2.940
5.035706,-0.5806,0.7969,2.5815,2.763
5.040198,-0.7043,0.7757,2.3767,2.597
5.044650,-0.8199,0.7403,2.2094,2.470
5.049821,-0.9159,0.7050,2.0609,2.363
5.054634,-1.0163,0.6486,1.9218,2.269
5.058950,-1.1474,0.5809,1.7945,2.208
5.064995,-1.2869,0.5169,1.6568,2.161
5.068360,-1.4296,0.4524,1.5228,2.137
5.073585,-1.5632,0.3690,1.4161,2.141
5.077414,-1.6852,0.2718,1.3533,2.178
5.082762,-1.7905,0.1902,1.3272,2.237
5.087216,-1.8625,0.1052,1.3041,2.276
5.094874,-1.9082,0.0191,1.2886,2.303
5.097154,-1.9181,-0.0369,1.2928,2.313
5.101247,-1.8899,-0.0800,1.2877,2.288
5.107144,-1.8545,-0.1245,1.3021,2.269
5.110117,-1.8240,-0.1662,1.3190,2.257
5.114653,-1.7889,-0.1931,1.3387,2.243
5.122784,-1.7376,-0.2057,1.3804,2.229
5.124396,-1.6867,-0.2164,1.4465,2.233
5.130254,-1.6508,-0.2421,1.5059,2.248
5.135348,-1.5987,-0.2973,1.5154,2.223
5.138459,-1.5469,-0.3488,1.4752,2.166
5.145685,-1.5055,-0.3943,1.4381,2.119
5.147986,-1.4790,-0.4578,1.4352,2.111
5.152838,-1.4747,-0.5371,1.4281,2.122
5.157093,-1.4876,-0.6104,1.3666,2.110
5.162371,-1.5269,-0.6800,1.2720,2.100
5.166828,-1.5710,-0.7409,1.1680,2.093
5.171515,-1.6339,-0.7689,1.0403,2.084
5.176224,-1.7326,-0.8020,0.9009,2.111
5.182657,-1.8499,-0.8447,0.7543,2.169
5.185630,-1.9784,-0.8822,0.6052,2.249
5.198214,-2.0941,-0.9239,0.4676,2.336
5.199513,-2.1678,-0.9672,0.3554,2.400
5.200129,-2.2396,-0.9976,0.2227,2.462
5.205523,-2.3214,-1.0196,0.0572,2.536
5.208581,-2.4034,-1.0428,-0.1054,2.622
5.213904,-2.4641,-1.0550,-0.2675,2.694
5.218362,-2.5274,-1.0610,-0.4600,2.779
5.223080,-2.6057,-1.0534,-0.6540,2.886
5.227540,-2.6726,-1.0275,-0.8183,2.978
5.232128,-2.7355,-1.0001,-0.9624,3.067
5.237713,-2.7924,-0.9832,-1.1099,3.162
5.241610,-2.8365,-0.9672,-1.2410,3.244
5.246760,-2.8683,-0.9499,-1.3220,3.298
5.250820,-2.8906,-0.9624,-1.3501,3.332
5.256452,-2.9085,-0.9809,-1.3513,3.354
5.260279,-2.9104,-0.9912,-1.3420,3.355
5.265300,-2.8896,-1.0124,-1.3196,3.334
5.270006,-2.8462,-1.0423,-1.2909,3.294
5.274378,-2.8020,-1.0761,-1.2606,3.256
5.281722,-2.7691,-1.0970,-1.2239,3.220
5.285867,-2.7214,-1.1148,-1.1492,3.157
5.289110,-2.6471,-1.1198,-1.0415,3.057
5.293157,-2.5558,-1.1098,-0.9341,2.939
5.297972,-2.4641,-1.0874,-0.8082,2.812
5.302863,-2.3718,-1.0836,-0.6711,2.693
5.307649,-2.2763,-1.1006,-0.5780,2.594
5.313367,-2.1846,-1.1357,-0.5124,2.515
5.316549,-2.0796,-1.2032,-0.4364,2.442
5.321826,-1.9945,-1.2522,-0.3573,2.382
5.325701,-1.9482,-1.2851,-0.2779,2.350
5.330895,-1.9117,-1.3108,-0.2031,2.327
5.335621,-1.8802,-1.3244,-0.1356,2.304
5.339906,-1.8609,-1.3518,-0.0608,2.301
5.344734,-1.8370,-1.3785,0.0188,2.297
5.349954,-1.7894,-1.3926,0.0986,2.270
5.354729,-1.7185,-1.4134,0.2337,2.237
5.358885,-1.6169,-1.4267,0.4337,2.200
5.363283,-1.4799,-1.4282,0.6792,2.166
5.368521,-1.3074,-1.4280,0.9390,2.152
5.372879,-1.1183,-1.4120,1.1865,2.157
5.377929,-0.9484,-1.3998,1.4218,2.209
5.383125,-0.8120,-1.3892,1.6326,2.292
5.391031,-0.6969,-1.3565,1.8214,2.376
5.391620,-0.6006,-1.3211,1.9976,2.469
5.396483,-0.5516,-1.2568,2.1586,2.558
5.401064,-0.5327,-1.1614,2.3040,2.635
5.405734,-0.5245,-1.0615,2.4575,2.728
5.410890,-0.5339,-0.9503,2.6379,2.854
5.415407,-0.5534,-0.8447,2.8136,2.989
5.419551,-0.5757,-0.7448,2.9008,3.050
5.424345,-0.6268,-0.6315,2.8899,3.024
5.430120,-0.6922,-0.5192,2.8405,2.969
5.433682,-0.7717,-0.4005,2.7596,2.893
5.438664,-0.8914,-0.2680,2.6662,2.824
5.443769,-1.0322,-0.1478,2.5508,2.756
5.448388,-1.1941,-0.0205,2.4257,2.704
5.453117,-1.3371,0.1021,2.3344,2.692
5.457310,-1.4116,0.1865,2.2778,2.686
5.462000,-1.4191,0.2470,2.2476,2.670
5.467072,-1.3724,0.2621,2.2353,2.636
5.474127,-1.2723,0.2127,2.2583,2.601
5.483302,-1.1142,0.1439,2.3333,2.590
5.483872,-0.9124,0.0510,2.4505,2.615
5.490422,-0.6885,-0.0593,2.6124,2.702
5.491407,-0.4832,-0.1774,2.8117,2.858
5.494858,-0.3277,-0.3152,3.0101,3.044
5.499587,-0.2215,-0.4297,3.1739,3.210
5.504801,-0.1903,-0.5160,3.2879,3.334
5.509109,-0.2168,-0.5786,3.3400,3.397
5.513330,-0.2887,-0.6054,3.3585,3.425
5.518467,-0.4035,-0.6103,3.3986,3.476
5.522899,-0.5252,-0.6125,3.4338,3.527
5.527878,-0.6393,-0.6165,3.4423,3.555
5.532019,-0.7381,-0.6079,3.4358,3.566
5.538229,-0.8190,-0.5941,3.4209,3.567
5.541578,-0.8721,-0.5775,3.4120,3.569
5.546184,-0.8737,-0.5825,3.3899,3.549
5.551028,-0.8430,-0.6022,3.3522,3.509
5.555689,-0.8259,-0.5965,3.3256,3.478
5.560202,-0.8179,-0.5564,3.2936,3.439
5.564976,-0.7909,-0.5279,3.2307,3.368
5.569616,-0.7240,-0.5062,3.0872,3.211
5.574714,-0.6439,-0.4891,2.8658,2.978
5.582426,-0.5961,-0.5099,2.6194,2.734
5.583523,-0.6192,-0.5611,2.3485,2.493
5.590936,-0.6729,-0.6135,2.0701,2.262
5.597405,-0.7360,-0.6647,1.8254,2.077
5.598362,-0.8208,-0.7142,1.6052,1.939
5.602755,-0.9105,-0.7566,1.3903,1.826
5.607370,-1.0000,-0.7848,1.2140,1.758
5.612943,-1.0864,-0.8009,1.0972,1.739
5.616635,-1.1855,-0.7902,1.0101,1.746
5.621791,-1.3228,-0.7527,0.9328,1.785
5.625484,-1.4735,-0.7097,0.9003,1.867
5.630846,-1.6174,-0.6586,0.8758,1.954
5.635864,-1.7778,-0.5922,0.8392,2.053
5.640257,-1.9514,-0.5248,0.7968,2.172
5.644641,-2.1162,-0.4660,0.7292,2.286
5.649749,-2.2981,-0.3943,0.6478,2.420
5.654259,-2.4801,-0.3144,0.5453,2.559
5.658842,-2.6478,-0.2408,0.4169,2.691
5.665102,-2.7802,-0.1570,0.2967,2.800
5.668262,-2.8993,-0.0583,0.1804,2.906
5.673609,-3.0394,0.0217,0.0689,3.040
5.677243,-3.1653,0.0756,-0.0300,3.166
5.687532,-3.2611,0.1294,-0.1418,3.267
5.688473,-3.3418,0.1613,-0.2658,3.356
5.691777,-3.4009,0.1687,-0.3654,3.425
5.696063,-3.4176,0.1776,-0.4497,3.452
5.700486,-3.4045,0.1780,-0.5206,3.449
5.705610,-3.3837,0.1770,-0.5943,3.440
5.710034,-3.3414,0.1574,-0.6754,3.413
5.714898,-3.3068,0.1288,-0.7465,3.392
5.719452,-3.2898,0.0934,-0.7979,3.386
5.724036,-3.2764,0.0513,-0.8531,3.386
5.728965,-3.2432,0.0075,-0.9191,3.371
5.733310,-3.1853,-0.0284,-0.9289,3.318
5.738440,-3.1288,-0.0611,-0.8755,3.250
5.743049,-3.0686,-0.0977,-0.7739,3.166
5.747942,-2.9850,-0.1379,-0.6578,3.060
5.752263,-2.8704,-0.1959,-0.5568,2.930
5.757044,-2.7215,-0.2643,-0.4664,2.774
5.763814,-2.5567,-0.3236,-0.3517,2.601
5.766283,-2.4110,-0.3474,-0.1967,2.444
5.771935,-2.2792,-0.3382,-0.0115,2.304
5.775738,-2.1364,-0.3387,0.1889,2.171
5.780498,-1.9893,-0.3321,0.3774,2.052
5.785460,-1.8446,-0.3396,0.5419,1.952
5.793106,-1.6998,-0.3659,0.6989,1.874
5.794785,-1.5907,-0.4013,0.8461,1.846
5.799340,-1.5177,-0.4385,0.9910,1.865
5.804709,-1.4741,-0.4536,1.1414,1.919
5.808461,-1.4463,-0.4683,1.2883,1.993
5.813565,-1.4157,-0.4920,1.4084,2.057
5.817768,-1.3806,-0.5248,1.5121,2.114
5.822773,-1.3466,-0.5692,1.6069,2.172
5.827523,-1.2900,-0.6180,1.6981,2.220
5.831932,-1.1872,-0.6691,1.7739,2.237
5.839374,-1.0264,-0.7107,1.8320,2.217
5.841403,-0.8149,-0.7595,1.8796,2.185
5.846332,-0.6052,-0.8180,1.9119,2.166
5.850513,-0.3831,-0.8599,1.9072,2.127
5.856940,-0.1625,-0.8969,1.8536,2.066
5.860227,0.0064,-0.9190,1.7677,1.992
5.864385,0.1238,-0.9164,1.6853,1.922
5.869361,0.2334,-0.8912,1.6633,1.901
5.873835,0.3502,-0.8529,1.7130,1.945
5.881098,0.4559,-0.8084,1.8026,2.027
5.885687,0.5298,-0.7864,1.9191,2.141
5.897054,0.5654,-0.7867,2.0501,2.268
5.897883,0.5749,-0.8141,2.1811,2.398
5.898183,0.5703,-0.8471,2.3288,2.543
5.901913,0.5683,-0.8457,2.5218,2.720
5.906902,0.5734,-0.8249,2.7508,2.929
5.912087,0.5901,-0.7950,2.9586,3.120
5.916198,0.5937,-0.7757,3.0932,3.244
5.921612,0.5573,-0.7698,3.1480,3.288
5.925413,0.4994,-0.7634,3.1215,3.252
5.930277,0.4246,-0.7519,3.0162,3.137
5.934920,0.3421,-0.7281,2.8326,2.945
5.939585,0.2564,-0.6876,2.5782,2.681
5.944074,0.1525,-0.6420,2.2751,2.369
5.948732,0.0294,-0.6151,1.9460,2.041
5.954905,-0.0900,-0.6040,1.6131,1.725
5.958216,-0.1946,-0.5894,1.3347,1.472
5.963417,-0.2963,-0.5617,1.1441,1.309
5.967584,-0.3996,-0.5182,1.0195,1.211
5.972809,-0.4705,-0.4806,0.9221,1.141
5.976957,-0.4701,-0.4749,0.8441,1.077
5.981955,-0.4125,-0.4915,0.7853,1.014
5.986628,-0.3497,-0.5302,0.7474,0.981
5.991574,-0.3143,-0.5977,0.7251,0.991
6.001367,-0.3057,-0.6699,0.7318,1.038
6.001927,-0.3205,-0.7274,0.7862,1.118
6.006451,-0.3536,-0.7746,0.8710,1.218
6.009938,-0.3641,-0.8213,0.9764,1.327
6.015466,-0.3257,-0.8747,1.1478,1.479
6.019202,-0.2695,-0.9422,1.3347,1.656
6.023923,-0.2335,-0.9855,1.4797,1.793
6.030022,-0.2081,-1.0335,1.6138,1.928
6.033515,-0.1743,-1.1034,1.7130,2.045
6.038220,-0.1417,-1.1807,1.7322,2.101
6.042628,-0.1250,-1.2847,1.6813,2.120
6.047592,-0.1317,-1.3700,1.5773,2.093
6.051894,-0.1763,-1.4271,1.4780,2.062
6.056788,-0.2591,-1.4655,1.3766,2.027
6.061466,-0.3567,-1.4710,1.2447,1.960
6.066091,-0.4742,-1.4603,1.1115,1.895
6.071335,-0.5835,-1.4497,0.9776,1.843
6.075288,-0.6706,-1.4274,0.8696,1.801
6.080229,-0.7762,-1.3907,0.8163,1.790
6.084751,-0.8738,-1.3657,0.7791,1.799
6.089868,-0.9462,-1.3496,0.7216,1.799
6.094155,-0.9999,-1.3494,0.6531,1.802
6.106353,-1.0657,-1.3744,0.5944,1.838
6.107096,-1.1477,-1.4030,0.5642,1.898
6.108050,-1.2313,-1.4229,0.5526,1.961
6.114339,-1.3138,-1.4225,0.5449,2.012
6.117616,-1.3803,-1.4187,0.5239,2.048
6.122514,-1.4452,-1.4139,0.4942,2.081
6.126877,-1.5200,-1.3989,0.4388,2.112
6.131469,-1.6046,-1.3666,0.3385,2.135
6.136243,-1.6846,-1.3315,0.1980,2.156
6.141032,-1.7433,-1.2912,0.0603,2.170
6.146265,-1.7782,-1.2626,-0.0698,2.182
6.150194,-1.7988,-1.2386,-0.2140,2.194
6.155111,-1.8145,-1.2190,-0.3508,2.214
6.159772,-1.8322,-1.2181,-0.4855,2.253
6.164283,-1.8638,-1.2238,-0.6205,2.314
6.168953,-1.9259,-1.2576,-0.7390,2.416
6.174062,-2.0239,-1.2953,-0.8477,2.548
6.180679,-2.1296,-1.3133,-0.9603,2.680
6.183231,-2.2504,-1.3210,-1.0598,2.816
6.194446,-2.3747,-1.3138,-1.1507,2.948
6.195274,-2.4815,-1.3132,-1.2612,3.078
6.197468,-2.5854,-1.3215,-1.3861,3.217
6.201733,-2.6968,-1.3148,-1.4961,3.353
6.206510,-2.7922,-1.3074,-1.5978,3.473
6.212151,-2.8628,-1.3231,-1.6740,3.571
6.216067,-2.9160,-1.3141,-1.6980,3.621
6.221533,-2.9402,-1.3019,-1.6914,3.633
6.225356,-2.9187,-1.2985,-1.6468,3.594
6.230524,-2.8470,-1.3086,-1.5523,3.497
6.235003,-2.7106,-1.3321,-1.4032,3.330
6.240410,-2.5118,-1.3740,-1.2143,3.110
6.244091,-2.2669,-1.4557,-0.9908,2.870
6.248559,-1.9970,-1.5557,-0.7450,2.639
6.254174,-1.7136,-1.6618,-0.5063,2.440
6.258075,-1.4547,-1.7714,-0.2774,2.309
6.262795,-1.2510,-1.8772,-0.0751,2.257
6.267461,-1.1047,-1.9574,0.1027,2.250
6.273050,-0.9846,-2.0093,0.2705,2.254
6.276771,-0.8668,-2.0471,0.3923,2.257
6.281505,-0.7587,-2.0588,0.4661,2.243
6.293187,-0.6607,-2.0492,0.5306,2.217
6.293830,-0.5659,-2.0301,0.6077,2.193
6.296143,-0.4843,-2.0090,0.6665,2.171
6.300228,-0.4158,-1.9620,0.7192,2.131
6.305399,-0.3557,-1.8773,0.7993,2.071
6.309751,-0.3133,-1.7647,0.8968,2.004
6.314344,-0.2857,-1.6315,1.0211,1.946
6.319035,-0.2704,-1.4877,1.1456,1.897
6.323710,-0.2690,-1.3452,1.2649,1.866
6.329324,-0.2809,-1.2093,1.3976,1.869
6.333247,-0.2791,-1.0708,1.5358,1.893
6.338422,-0.2727,-0.9110,1.6671,1.919
6.342650,-0.2756,-0.7256,1.7935,1.954
6.347601,-0.2829,-0.5199,1.9003,1.990
6.351746,-0.2917,-0.3158,1.9467,1.994
6.356611,-0.2948,-0.1330,1.9088,1.936
6.361748,-0.2901,0.0260,1.8059,1.829
6.366012,-0.2656,0.1562,1.6572,1.686
6.371097,-0.2335,0.2718,1.4464,1.490
6.375269,-0.2232,0.3873,1.1932,1.274
6.380182,-0.2353,0.4811,0.9271,1.071
6.384827,-0.2399,0.5344,0.6801,0.898
6.389525,-0.2208,0.5572,0.4745,0.764
6.396188,-0.1810,0.5235,0.3176,0.638
6.403444,-0.1370,0.4336,0.2141,0.503
6.404201,-0.0816,0.2788,0.1686,0.336
6.409431,-0.0051,0.0832,0.1882,0.206
6.413148,0.0875,-0.1240,0.2825,0.321
6.417427,0.2081,-0.3166,0.4394,0.580
6.422308,0.3639,-0.4825,0.6230,0.868
6.426693,0.4784,-0.6409,0.7998,1.131
6.431483,0.5085,-0.7895,0.9648,1.346
6.436772,0.4905,-0.9185,1.1205,1.530
6.441012,0.4531,-1.0328,1.2477,1.682
6.445675,0.4155,-1.1371,1.3223,1.793
6.450119,0.3825,-1.2074,1.3446,1.847
6.455272,0.3467,-1.2365,1.3410,1.857
6.459617,0.3129,-1.2553,1.3213,1.849
6.464211,0.2569,-1.2541,1.2998,1.824
6.468862,0.1934,-1.2377,1.2717,1.785
6.473690,0.1392,-1.2084,1.2393,1.737
6.480906,0.0988,-1.1640,1.2075,1.680
6.483499,0.0820,-1.1262,1.1883,1.639
6.487903,0.0716,-1.0763,1.1984,1.612
6.492957,0.0604,-1.0075,1.1948,1.564
6.497218,0.0578,-0.9250,1.1419,1.471
6.501489,0.0707,-0.8508,1.0638,1.364
6.506623,0.0870,-0.7756,0.9581,1.236
6.511831,0.1088,-0.6875,0.8298,1.083
6.515937,0.1314,-0.6012,0.6813,0.918
6.520846,0.1596,-0.5072,0.5102,0.737
6.525131,0.2099,-0.4102,0.3189,0.560
6.530054,0.2465,-0.3365,0.1077,0.431
6.534812,0.2547,-0.2884,-0.1161,0.402
6.539259,0.2345,-0.2346,-0.3238,0.464
6.543937,0.2051,-0.1796,-0.4986,0.568
6.548560,0.1569,-0.1308,-0.6692,0.700
6.554722,0.1023,-0.0879,-0.8216,0.833
6.558034,0.0559,-0.0579,-0.9392,0.943
6.562879,0.0061,-0.0456,-1.0057,1.007
6.567352,-0.0348,-0.0319,-1.0404,1.042
6.572572,-0.0785,-0.0236,-1.0652,1.068
6.576625,-0.1294,-0.0542,-1.0804,1.090
6.582832,-0.1798,-0.0976,-1.0721,1.091
6.586806,-0.2150,-0.1322,-1.0333,1.064
6.592439,-0.2655,-0.1724,-1.0077,1.056
6.595815,-0.3358,-0.2060,-1.0027,1.077
6.600059,-0.4090,-0.2451,-1.0041,1.112
6.604994,-0.4727,-0.3063,-1.0144,1.160
6.609768,-0.5532,-0.3677,-1.0219,1.219
6.614261,-0.6503,-0.4315,-1.0361,1.297
6.618882,-0.7663,-0.5047,-1.0906,1.425
6.623520,-0.8941,-0.5654,-1.1709,1.578
6.629034,-1.0004,-0.5991,-1.2624,1.719
6.632974,-1.0856,-0.6272,-1.3410,1.836
6.637897,-1.1475,-0.6499,-1.4039,1.926
6.642393,-1.2058,-0.6504,-1.4438,1.990
6.647680,-1.2466,-0.6554,-1.4602,2.029
6.651700,-1.2680,-0.6724,-1.4743,2.058
6.656498,-1.2778,-0.6848,-1.4999,2.086
6.661754,-1.2910,-0.7024,-1.5272,2.120
6.665956,-1.3225,-0.7373,-1.5436,2.162
6.671076,-1.3583,-0.7774,-1.5488,2.202
6.675227,-1.3843,-0.8111,-1.5211,2.211
6.679962,-1.3934,-0.8527,-1.4750,2.201
6.684697,-1.3855,-0.9092,-1.4344,2.192
6.689134,-1.3558,-0.9708,-1.3778,2.163
6.694927,-1.3090,-1.0396,-1.3316,2.137
6.701466,-1.2450,-1.1202,-1.2816,2.109
6.706447,-1.1252,-1.2001,-1.1921,2.032
6.708152,-0.9683,-1.2883,-1.0755,1.938
6.714235,-0.7908,-1.3895,-0.9321,1.851
6.717989,-0.5923,-1.4792,-0.7741,1.771
6.722743,-0.3895,-1.5644,-0.6160,1.726
6.728248,-0.1895,-1.6595,-0.4507,1.730
6.731847,0.0101,-1.7502,-0.2902,1.774
6.737068,0.2022,-1.8222,-0.1081,1.837
6.741222,0.3868,-1.8877,0.0906,1.929
6.746888,0.5880,-1.9473,0.2939,2.055
6.750356,0.7936,-1.9915,0.4971,2.201
6.755675,0.9582,-2.0254,0.6883,2.344
6.760107,1.0841,-2.0395,0.8602,2.465
6.764426,1.1857,-2.0362,0.9821,2.553
6.770410,1.2678,-2.0060,1.0754,2.605
6.774515,1.3278,-1.9344,1.1499,2.613
6.778775,1.3515,-1.8405,1.2032,2.581
6.783137,1.3436,-1.7314,1.2521,2.524
6.791541,1.3067,-1.6043,1.3037,2.446
6.800788,1.2457,-1.4880,1.3796,2.381
6.801985,1.1489,-1.3800,1.4651,2.318
6.802677,1.0453,-1.2540,1.5695,2.265
6.807400,0.9734,-1.1434,1.6999,2.268
6.812364,0.9142,-1.0462,1.8560,2.318
6.816966,0.8534,-0.9531,2.0042,2.378
6.821891,0.8221,-0.8765,2.1254,2.442
6.825291,0.8202,-0.8144,2.2604,2.539
6.830031,0.8570,-0.7552,2.3828,2.642
6.836414,0.9227,-0.7043,2.4905,2.748
6.840186,1.0002,-0.6740,2.5861,2.853
6.844205,1.0797,-0.6526,2.6458,2.931
6.848949,1.1729,-0.6428,2.6794,2.995
6.854255,1.2821,-0.6349,2.6800,3.038
6.858334,1.3856,-0.6361,2.6308,3.041
6.863034,1.4577,-0.6534,2.5316,2.993
6.867734,1.4938,-0.6529,2.4060,2.906
6.872756,1.5111,-0.6227,2.2586,2.788
6.877797,1.4836,-0.5671,2.0965,2.630
6.882030,1.4092,-0.4955,1.9337,2.444
6.887479,1.3048,-0.4222,1.7583,2.230
6.891406,1.1776,-0.3492,1.5726,1.995
6.899307,1.0346,-0.2693,1.3889,1.753
6.909221,0.9187,-0.2040,1.2286,1.548
6.910257,0.8179,-0.1555,1.0777,1.362
6.910907,0.6963,-0.0999,0.9169,1.156
6.914981,0.5588,-0.0254,0.7771,0.957
6.920331,0.4247,0.0367,0.6774,0.800
6.923972,0.3229,0.1030,0.6294,0.715
6.929243,0.2342,0.1752,0.6283,0.693
6.933387,0.1324,0.2317,0.6427,0.696
6.938982,0.0367,0.2767,0.6559,0.713
6.943043,-0.0265,0.2813,0.6534,0.712
6.947632,-0.0836,0.2597,0.6018,0.661
6.951827,-0.1469,0.2239,0.5181,0.583
6.956866,-0.2164,0.1503,0.3977,0.477
6.961993,-0.3137,0.0916,0.2454,0.409
6.966876,-0.4484,0.0532,0.0712,0.457
6.971717,-0.6064,0.0069,-0.1319,0.621
6.975497,-0.7759,-0.0516,-0.3444,0.851
6.981674,-0.9358,-0.1052,-0.5614,1.096
6.984936,-1.0883,-0.1462,-0.7564,1.333
6.990909,-1.2195,-0.1698,-0.9101,1.531
6.998843,-1.3151,-0.1876,-1.0176,1.673
7.000442,-1.3825,-0.2045,-1.1148,1.788
7.010708,-1.4219,-0.1989,-1.2039,1.874
7.012296,-1.4379,-0.1854,-1.2421,1.909
7.013150,-1.4427,-0.1737,-1.2629,1.925
7.018026,-1.4242,-0.1594,-1.2543,1.904
7.022511,-1.4110,-0.1380,-1.2499,1.890
7.026948,-1.4080,-0.1072,-1.2643,1.895
7.032381,-1.3934,-0.0818,-1.2975,1.906
7.037173,-1.4005,-0.0639,-1.3423,1.941
7.041783,-1.4102,-0.0467,-1.4014,1.989
7.046881,-1.4269,-0.0418,-1.4748,2.053
7.050962,-1.4744,-0.0708,-1.5747,2.158
7.056004,-1.5428,-0.1069,-1.7107,2.306
7.060513,-1.6272,-0.1381,-1.8567,2.473
7.065331,-1.7252,-0.1402,-1.9982,2.644
7.069077,-1.8200,-0.1347,-2.1353,2.809
7.074249,-1.8950,-0.1454,-2.2511,2.946
7.079201,-1.9551,-0.1602,-2.3599,3.069
7.083751,-2.0028,-0.1719,-2.4568,3.174
7.089557,-2.0266,-0.1733,-2.5344,3.250
7.093663,-2.0362,-0.1884,-2.5973,3.306
7.098483,-2.0175,-0.2148,-2.6502,3.338
7.102189,-1.9680,-0.2285,-2.6909,3.342
7.106393,-1.9067,-0.2394,-2.7313,3.340
7.111923,-1.8288,-0.2496,-2.7692,3.328
7.116926,-1.7365,-0.2567,-2.8024,3.307
7.121964,-1.6368,-0.2561,-2.8238,3.274
7.125236,-1.5369,-0.2381,-2.8311,3.230
7.130493,-1.4582,-0.2193,-2.8267,3.188
7.135021,-1.4081,-0.2142,-2.8225,3.162
7.140077,-1.3889,-0.2297,-2.8399,3.170
7.145053,-1.3820,-0.2680,-2.8380,3.168
7.148738,-1.3778,-0.3265,-2.8404,3.174
7.154134,-1.3932,-0.3978,-2.8257,3.176
7.158124,-1.4140,-0.4626,-2.7722,3.146
7.163089,-1.4140,-0.5232,-2.6870,3.081
7.167768,-1.4052,-0.5963,-2.5653,2.985
7.172633,-1.4000,-0.6508,-2.4404,2.888
7.177776,-1.3888,-0.6866,-2.2978,2.771
7.181883,-1.3430,-0.7254,-2.1137,2.607
7.186243,-1.2509,-0.7577,-1.8854,2.386
7.196541,-1.1267,-0.7911,-1.6206,2.126
7.198049,-0.9627,-0.8258,-1.3290,1.837
7.200822,-0.7588,-0.8833,-1.0875,1.593
7.209975,-0.5457,-0.9661,-0.9203,1.442
7.210949,-0.3278,-1.0241,-0.7798,1.328
7.214259,-0.1029,-1.0621,-0.6299,1.239
7.219285,0.1100,-1.1038,-0.4659,1.203
7.223708,0.2892,-1.1372,-0.2876,1.208
7.229362,0.4535,-1.1646,-0.1069,1.254
7.232733,0.6244,-1.1977,0.0622,1.352
7.237571,0.7922,-1.2458,0.1983,1.490
7.243250,0.9399,-1.3017,0.3278,1.639
7.247462,1.0843,-1.3532,0.4938,1.803
7.252616,1.2277,-1.3885,0.6749,1.972
7.257197,1.3654,-1.3886,0.8806,2.137
7.262331,1.4904,-1.3464,1.0677,2.275
7.266639,1.5744,-1.2835,1.1953,2.357
7.270992,1.6009,-1.1904,1.3039,2.383
7.275647,1.6062,-1.0697,1.4196,2.396
7.282915,1.6101,-0.9168,1.5610,2.423
7.291542,1.5893,-0.7246,1.7108,2.445
7.292020,1.5589,-0.5271,1.8205,2.454
7.294830,1.5172,-0.3268,1.8848,2.442
7.299321,1.4381,-0.1168,1.9178,2.400
7.304842,1.3147,0.0975,1.9267,2.335
7.308241,1.1470,0.3231,1.9449,2.281
7.313586,0.9588,0.5596,1.9962,2.284
7.317704,0.7931,0.7825,2.0713,2.352
7.323095,0.6730,0.9911,2.1801,2.488
7.327852,0.5883,1.1826,2.2943,2.647
7.331841,0.5432,1.3303,2.3616,2.764
7.337728,0.5176,1.4385,2.3757,2.825
7.341629,0.4868,1.5024,2.3515,2.833
7.345701,0.4835,1.5005,2.3158,2.801
7.350370,0.5098,1.4521,2.2594,2.734
7.356626,0.5680,1.3695,2.1800,2.636
7.359878,0.6508,1.2245,2.1040,2.520
7.364644,0.7272,1.0438,2.0218,2.389
7.370030,0.7900,0.8781,1.9262,2.260
7.373947,0.8465,0.7159,1.8317,2.141
7.379285,0.8824,0.5578,1.7359,2.026
7.384674,0.8833,0.4233,1.6317,1.903
7.395832,0.8540,0.3010,1.5241,1.773
7.396799,0.8015,0.1962,1.4707,1.686
7.397398,0.7404,0.1353,1.4498,1.634
7.403053,0.6708,0.0969,1.4350,1.587
7.407153,0.6002,0.0788,1.4714,1.591
7.411888,0.5360,0.0997,1.5564,1.649
7.416274,0.5044,0.1307,1.6733,1.753
7.420837,0.5294,0.1545,1.8194,1.901
7.425229,0.5822,0.1778,1.9969,2.088
7.430465,0.6536,0.2119,2.1864,2.292
7.435712,0.7628,0.2559,2.3397,2.474
7.439329,0.8857,0.3043,2.4449,2.618
7.444847,0.9935,0.3519,2.4972,2.710
7.449114,1.0835,0.3936,2.4610,2.718
7.453857,1.1534,0.4174,2.3460,2.647
7.458020,1.1818,0.4283,2.1307,2.474
7.464089,1.1857,0.4484,1.8344,2.230
7.467681,1.1747,0.4634,1.5335,1.987
7.472545,1.1417,0.4762,1.2260,1.742
7.477708,1.1034,0.4777,0.8998,1.502
7.482416,1.0527,0.4611,0.5672,1.282
7.491332,0.9776,0.4199,0.2496,1.093
7.491692,0.8832,0.3785,-0.0482,0.962
7.495977,0.7625,0.3420,-0.3263,0.897
7.500458,0.6301,0.3038,-0.5632,0.898
7.505538,0.5029,0.2665,-0.7330,0.928
7.510388,0.3814,0.2257,-0.8598,0.967
7.514326,0.2468,0.1961,-0.9488,1.000
7.519172,0.0971,0.1753,-1.0290,1.048
7.524336,-0.0291,0.1681,-1.1031,1.116
7.529305,-0.1411,0.1651,-1.1402,1.161
7.534075,-0.2603,0.1682,-1.1597,1.200
7.538443,-0.3816,0.1798,-1.1428,1.218
7.542698,-0.5147,0.1947,-1.1109,1.240
7.547786,-0.6479,0.2079,-1.0759,1.273
7.552742,-0.7908,0.2096,-1.0449,1.327
7.556995,-0.9462,0.2162,-1.0583,1.436
7.562290,-1.0951,0.2368,-1.0967,1.568
7.565993,-1.2380,0.2499,-1.1455,1.705
7.572313,-1.3847,0.2626,-1.1997,1.851
7.575771,-1.5141,0.2818,-1.2636,1.992
7.579788,-1.6270,0.2882,-1.3584,2.139
7.584626,-1.7381,0.2988,-1.4668,2.294
7.591488,-1.8336,0.2991,-1.5622,2.427
7.599786,-1.9114,0.2772,-1.6467,2.538
7.600550,-1.9625,0.2546,-1.7439,2.638
7.603704,-1.9919,0.2220,-1.8417,2.722
7.612413,-2.0142,0.1747,-1.9158,2.785
7.613468,-2.0128,0.1342,-1.9712,2.820
7.618116,-1.9970,0.0913,-2.0127,2.837
7.622511,-1.9523,0.0724,-2.0334,2.820
7.627023,-1.8878,0.0464,-2.0192,2.765
7.631795,-1.8343,-0.0105,-1.9657,2.689
7.637500,-1.7769,-0.0577,-1.8900,2.595
7.641561,-1.7177,-0.1119,-1.8045,2.494
7.645687,-1.6539,-0.1873,-1.7188,2.393
7.650844,-1.5927,-0.2696,-1.6260,2.292
7.655168,-1.5361,-0.3565,-1.5407,2.205
7.660260,-1.4526,-0.4288,-1.4702,2.111
7.664147,-1.3394,-0.4960,-1.3864,1.991
7.668897,-1.2225,-0.5772,-1.3108,1.883
7.673931,-1.1231,-0.6576,-1.2631,1.814
7.679092,-1.0482,-0.7155,-1.2453,1.778
7.683104,-0.9790,-0.7530,-1.2646,1.768
7.699372,-0.8969,-0.7867,-1.2942,1.760
7.700403,-0.8237,-0.7903,-1.3049,1.734
7.701062,-0.7436,-0.7780,-1.2891,1.679
7.701817,-0.6187,-0.7764,-1.2512,1.597
7.706510,-0.4520,-0.7882,-1.1743,1.485
7.712369,-0.2559,-0.8183,-1.0794,1.378
7.716966,-0.0378,-0.8431,-0.9880,1.299
7.720751,0.1850,-0.8751,-0.9142,1.279
7.725500,0.3886,-0.9166,-0.8363,1.300
7.730956,0.5776,-0.9533,-0.7519,1.345
7.735368,0.7471,-0.9709,-0.6513,1.387
7.739702,0.8999,-0.9860,-0.5442,1.442
7.744944,1.0339,-0.9987,-0.4120,1.495
7.748764,1.1425,-1.0160,-0.2619,1.551
7.754165,1.2261,-1.0447,-0.1303,1.616
7.758603,1.2970,-1.1037,-0.0030,1.703
7.763501,1.3700,-1.1853,0.1102,1.815
7.767412,1.4288,-1.2676,0.2113,1.922
7.772139,1.4811,-1.3217,0.3072,2.009
7.776690,1.5154,-1.3404,0.4381,2.070
7.781420,1.5199,-1.3474,0.5943,2.116
7.786935,1.5143,-1.3429,0.7490,2.158
7.791780,1.5013,-1.3174,0.9212,2.200
7.797754,1.4617,-1.2997,1.1060,2.247
7.804953,1.4413,-1.2855,1.2840,2.319
7.805787,1.4304,-1.2535,1.4624,2.399
7.810089,1.3716,-1.2042,1.6459,2.458
7.815594,1.2982,-1.1545,1.8132,2.511
7.819282,1.2313,-1.1003,1.9550,2.559
7.823683,1.1609,-1.0273,2.0527,2.572
7.828925,1.0861,-0.9527,2.1068,2.555
7.833295,1.0233,-0.8932,2.1036,2.504
7.838771,0.9789,-0.8274,2.0603,2.426
7.842883,0.9404,-0.7720,2.0132,2.352
7.847292,0.9335,-0.7271,1.9726,2.300
7.852472,0.9742,-0.6806,1.9412,2.276
7.856487,1.0620,-0.6446,1.8933,2.265
7.860914,1.1775,-0.6500,1.8314,2.272
7.866236,1.3091,-0.6655,1.7910,2.316
7.870750,1.4167,-0.6745,1.7670,2.363
7.875434,1.5058,-0.6767,1.7516,2.407
7.883822,1.5578,-0.6459,1.7563,2.435
7.890206,1.5352,-0.5842,1.7566,2.405
7.890731,1.4747,-0.4991,1.7424,2.337
7.903602,1.3770,-0.3999,1.7274,2.245
7.904522,1.2663,-0.3011,1.7041,2.144
7.904979,1.1642,-0.2075,1.6655,2.043
7.908531,1.0757,-0.1214,1.6208,1.949
7.914330,1.0246,-0.0572,1.5582,1.866
7.917738,0.9850,0.0041,1.4963,1.791
7.922368,0.9266,0.0625,1.4465,1.719
7.926644,0.8498,0.1225,1.3940,1.637
7.931640,0.7642,0.1841,1.3674,1.577
7.937337,0.6627,0.2469,1.3260,1.503
7.941855,0.5497,0.3179,1.2460,1.398
7.947305,0.4058,0.3707,1.1710,1.294
7.950827,0.2424,0.3982,1.0513,1.150
7.955112,0.0759,0.4028,0.8776,0.969
7.959615,-0.1014,0.3823,0.6984,0.803
7.964319,-0.2972,0.3512,0.5118,0.688
7.969610,-0.4880,0.3148,0.3157,0.661
7.974347,-0.6694,0.2685,0.1370,0.734
7.979978,-0.8442,0.2438,-0.0216,0.879
7.983330,-0.9840,0.2433,-0.1456,1.024
7.991558,-1.0912,0.2335,-0.2277,1.139
7.997768,-1.1685,0.2192,-0.2942,1.225
7.998350,-1.1970,0.1954,-0.3498,1.262
8.011346,-1.1890,0.1957,-0.3775,1.263
8.012484,-1.1686,0.2053,-0.3819,1.246
8.012828,-1.1385,0.2027,-0.3677,1.213
8.016111,-1.1390,0.2216,-0.3902,1.224
8.021666,-1.1458,0.2573,-0.4615,1.262
8.024936,-1.1060,0.2716,-0.5055,1.246
8.030922,-1.0311,0.2521,-0.5081,1.177
8.035061,-0.9208,0.2348,-0.5391,1.093
8.039221,-0.7941,0.2289,-0.6179,1.032
8.043918,-0.6818,0.2175,-0.7158,1.012
8.049320,-0.6102,0.2102,-0.8113,1.037
8.053661,-0.5865,0.2020,-0.9452,1.131
8.057955,-0.5891,0.2265,-1.1054,1.273
8.063882,-0.6322,0.2717,-1.2583,1.434
8.067605,-0.7157,0.3116,-1.4256,1.625
8.072612,-0.7991,0.3535,-1.5999,1.823
8.076634,-0.8967,0.4023,-1.7669,2.022
8.081810,-1.0228,0.4368,-1.9265,2.224
8.086882,-1.1463,0.4715,-2.0715,2.414
8.091548,-1.2574,0.4971,-2.2117,2.592
8.097797,-1.3563,0.5209,-2.3686,2.779
8.110862,-1.4308,0.5382,-2.4871,2.919
8.112072,-1.4787,0.5324,-2.5769,3.018
8.112634,-1.5119,0.5393,-2.6404,3.090
8.114714,-1.5349,0.5564,-2.6636,3.124
8.119961,-1.5547,0.5837,-2.6874,3.159
8.123996,-1.5590,0.6091,-2.7025,3.179
8.129402,-1.5453,0.6205,-2.6971,3.170
8.133356,-1.5419,0.6035,-2.6789,3.149
8.138873,-1.5535,0.5725,-2.6645,3.137
8.142375,-1.5969,0.5396,-2.6682,3.156
8.147231,-1.6601,0.5022,-2.6757,3.189
8.152394,-1.7074,0.4772,-2.6654,3.201
8.156515,-1.7699,0.4597,-2.6515,3.221
8.160966,-1.8503,0.4449,-2.6458,3.259
8.166017,-1.9249,0.4375,-2.6336,3.291
8.170453,-1.9891,0.4233,-2.6387,3.331
8.175350,-2.0290,0.4093,-2.6488,3.362
8.183468,-2.0545,0.4077,-2.6565,3.383
8.191608,-2.0541,0.4085,-2.6757,3.398
8.192146,-2.0233,0.4072,-2.7085,3.405
8.193862,-1.9940,0.4037,-2.7352,3.409
8.201677,-1.9735,0.4125,-2.7222,3.388
8.204055,-1.9600,0.4311,-2.6644,3.336
8.208101,-1.9273,0.4429,-2.5686,3.242
8.213181,-1.8709,0.4408,-2.4230,3.093
8.217806,-1.8173,0.4251,-2.2275,2.906
8.222196,-1.7659,0.4007,-1.9871,2.688
8.226411,-1.6761,0.3555,-1.7044,2.417
8.231539,-1.5141,0.3206,-1.3800,2.074
8.236926,-1.2747,0.2886,-1.0164,1.656
8.240749,-0.9936,0.2211,-0.6762,1.222
8.246496,-0.6995,0.1251,-0.4216,0.826
8.250696,-0.3922,0.0224,-0.2289,0.455
8.256372,-0.0716,-0.0704,-0.0716,0.123
8.259268,0.2386,-0.1479,0.0813,0.292
8.263864,0.5194,-0.2196,0.2511,0.617
8.269399,0.7569,-0.2685,0.4233,0.908
8.273322,0.9444,-0.2897,0.6093,1.161
8.278835,1.0968,-0.2924,0.7898,1.383
8.283085,1.2286,-0.2886,0.9454,1.577
8.290021,1.3518,-0.2807,1.0833,1.755
8.295254,1.4617,-0.2638,1.2108,1.916
8.310458,1.5531,-0.2313,1.3233,2.053
8.312137,1.6164,-0.1665,1.4186,2.157
8.312605,1.6440,-0.0865,1.5065,2.232
8.313202,1.6454,0.0158,1.5753,2.278
8.316131,1.6466,0.1306,1.6396,2.327
8.321288,1.6379,0.2457,1.7090,2.380
8.324900,1.6002,0.3537,1.7668,2.410
8.331578,1.5720,0.4523,1.8247,2.451
8.335301,1.5557,0.5531,1.8875,2.508
8.340113,1.5276,0.6370,1.9550,2.561
8.343788,1.4901,0.7136,2.0318,2.619
8.348721,1.4102,0.7971,2.1154,2.664
8.354179,1.3094,0.8611,2.1863,2.690
8.358447,1.2238,0.9150,2.2685,2.735
8.363074,1.1293,0.9539,2.3764,2.799
8.367323,1.0282,0.9681,2.4980,2.870
8.372203,0.9489,0.9718,2.6287,2.959
8.376499,0.8934,0.9553,2.7689,3.062
8.381661,0.8732,0.9183,2.9164,3.180
8.387090,0.9048,0.8725,3.0332,3.283
8.391817,1.0216,0.8200,3.1120,3.376
8.398958,1.2405,0.7629,3.1669,3.486
8.399839,1.5305,0.6868,3.1690,3.586
8.412112,1.8341,0.6084,3.1040,3.656
8.413120,2.1038,0.5327,3.0054,3.707
8.414734,2.3133,0.4600,2.8970,3.736
8.419928,2.4370,0.4028,2.7592,3.703
8.424121,2.4613,0.3569,2.5846,3.587
8.428559,2.4034,0.3301,2.3895,3.405
8.432969,2.2947,0.3132,2.2196,3.208
8.438647,2.1471,0.3021,2.0747,3.001
8.442225,1.9750,0.3067,1.9337,2.781
8.447733,1.7711,0.3202,1.8227,2.562
8.451550,1.5525,0.3354,1.7562,2.368
8.456901,1.3357,0.3715,1.7173,2.207
8.461587,1.1448,0.4378,1.7083,2.102
8.465691,0.9821,0.5146,1.7554,2.076
8.470220,0.8423,0.5967,1.8253,2.097
8.475991,0.7445,0.6832,1.9108,2.162
8.479897,0.6593,0.7640,1.9836,2.226
8.484435,0.5744,0.8241,1.9890,2.228
8.491611,0.5084,0.8606,1.9537,2.194
8.493713,0.4632,0.8802,1.8923,2.138
8.509889,0.4263,0.8781,1.7958,2.044
8.511048,0.3879,0.8613,1.6572,1.908
8.512114,0.3430,0.8228,1.4841,1.731
8.512652,0.2936,0.7533,1.2648,1.501
8.518026,0.2468,0.6627,1.0331,1.252
8.522390,0.1955,0.5732,0.8129,1.014
8.526427,0.1446,0.4922,0.6067,0.795
8.531987,0.0870,0.3940,0.4095,0.575
8.536956,0.0328,0.2935,0.2068,0.361
8.540865,-0.0273,0.2105,0.0127,0.213
8.546607,-0.0905,0.1428,-0.1635,0.235
8.549776,-0.1421,0.0980,-0.3101,0.355
8.556021,-0.1935,0.0884,-0.4110,0.463
8.559901,-0.2871,0.0923,-0.4785,0.566
8.564500,-0.4296,0.1076,-0.5132,0.678
8.568580,-0.5824,0.1509,-0.4940,0.778
8.574024,-0.7332,0.2121,-0.4618,0.892
8.578980,-0.8604,0.2840,-0.4455,1.010
8.582783,-0.9736,0.3637,-0.4284,1.124
8.591706,-1.0609,0.4553,-0.4298,1.232
8.599194,-1.1462,0.5610,-0.4521,1.354
8.599870,-1.2609,0.6563,-0.4831,1.501
8.613923,-1.3787,0.7457,-0.5468,1.660
8.615120,-1.4973,0.8290,-0.6334,1.825
8.615852,-1.6193,0.8966,-0.7451,1.995
8.616249,-1.7306,0.9340,-0.8890,2.158
8.620485,-1.8625,0.9677,-1.0622,2.352
8.624894,-2.0103,0.9929,-1.2409,2.563
8.630920,-2.1503,0.9837,-1.4198,2.758
8.634774,-2.2781,0.9687,-1.5963,2.946
8.639019,-2.3842,0.9530,-1.7774,3.123
8.643619,-2.4860,0.9227,-1.9578,3.296
8.649483,-2.5859,0.8756,-2.1111,3.451
8.653820,-2.6530,0.8190,-2.2442,3.570
8.658059,-2.6802,0.7484,-2.3668,3.653
8.663688,-2.6892,0.6902,-2.4645,3.712
8.668088,-2.6702,0.6493,-2.5373,3.740
8.671795,-2.6162,0.6186,-2.5996,3.740
8.676399,-2.5534,0.5835,-2.6516,3.727
8.681621,-2.4889,0.5491,-2.6860,3.703
8.686826,-2.4178,0.5152,-2.6841,3.649
8.691834,-2.3425,0.4676,-2.6482,3.566
8.695398,-2.2722,0.4300,-2.5929,3.474
8.709652,-2.2309,0.4002,-2.5208,3.390
8.711028,-2.2016,0.3708,-2.4486,3.314
8.712338,-2.1628,0.3560,-2.3789,3.235
8.714902,-2.1218,0.3224,-2.3114,3.154
8.718987,-2.0790,0.2792,-2.2651,3.087
8.724139,-2.0538,0.2362,-2.2349,3.044
8.728964,-2.0177,0.1834,-2.1990,2.990
8.733250,-1.9665,0.1259,-2.1405,2.909
8.738501,-1.9288,0.0633,-2.0950,2.848
8.742074,-1.8786,0.0031,-2.0385,2.772
8.747207,-1.7992,-0.0572,-1.9734,2.671
8.752272,-1.6882,-0.1293,-1.9140,2.555
8.756176,-1.5383,-0.1847,-1.8484,2.412
8.761454,-1.3520,-0.2231,-1.7888,2.253
8.765961,-1.1599,-0.2662,-1.7185,2.090
8.770350,-0.9640,-0.3040,-1.6380,1.925
8.774964,-0.7683,-0.3243,-1.5408,1.752
8.780894,-0.5866,-0.3409,-1.4465,1.598
8.784329,-0.4085,-0.3703,-1.3579,1.466
8.789254,-0.2459,-0.4026,-1.2633,1.349
8.793505,-0.1105,-0.4495,-1.1795,1.267
8.799280,0.0191,-0.4845,-1.0849,1.188
8.805658,0.1308,-0.4933,-0.9816,1.106
8.815593,0.2287,-0.4928,-0.8644,1.021
8.816255,0.3289,-0.4953,-0.6993,0.918
8.817493,0.4428,-0.4938,-0.5025,0.832
8.821747,0.5694,-0.5031,-0.2901,0.813
8.827207,0.7249,-0.5260,-0.0401,0.896
8.831805,0.9207,-0.5558,0.2597,1.106
8.837070,1.1303,-0.5929,0.5879,1.405
8.841256,1.3561,-0.6424,0.8966,1.748
8.846449,1.5860,-0.6996,1.1356,2.072
8.849653,1.8081,-0.7477,1.3314,2.367
8.855428,2.0417,-0.8084,1.5508,2.688
8.859433,2.2730,-0.8718,1.7887,3.021
8.863946,2.4647,-0.9522,1.9986,3.313
8.868452,2.5917,-1.0562,2.1989,3.559
8.873831,2.6599,-1.1406,2.4053,3.763
8.878468,2.7015,-1.2194,2.5714,3.924
8.882919,2.7125,-1.2994,2.6800,4.028
8.890922,2.6839,-1.3278,2.7592,4.072
8.892212,2.6327,-1.3069,2.8375,4.085
8.912765,2.5470,-1.2584,2.9103,4.067
8.914034,2.4456,-1.1848,2.9704,4.026
8.914704,2.3405,-1.0863,3.0180,3.971
8.915263,2.2359,-0.9777,3.0320,3.892
8.915865,2.1266,-0.8546,3.0295,3.799
8.920055,2.0332,-0.7244,3.0305,3.721
8.924837,1.9600,-0.5973,3.0473,3.672
8.929643,1.9181,-0.4904,3.0494,3.636
8.934983,1.9306,-0.4111,3.0185,3.607
8.939211,1.9634,-0.3503,2.9478,3.559
8.945111,1.9945,-0.3105,2.8449,3.488
8.949156,2.0404,-0.2703,2.7412,3.428
8.953398,2.0605,-0.2083,2.6054,3.328
8.958160,2.0405,-0.1390,2.4662,3.204
8.963412,1.9877,-0.0814,2.3189,3.055
8.967096,1.8857,-0.0161,2.1416,2.854
8.972372,1.7184,0.0644,1.9531,2.602
8.976164,1.5054,0.1532,1.7554,2.318
8.980933,1.2713,0.2554,1.5697,2.036
8.986979,1.0091,0.3736,1.4100,1.774
8.991456,0.7430,0.4819,1.2954,1.569
8.999449,0.4876,0.5755,1.2423,1.453
8.999962,0.3029,0.6521,1.2074,1.405
9.010953,0.2053,0.7211,1.1883,1.405
9.012188,0.1687,0.8013,1.1872,1.442
9.014284,0.1453,0.8493,1.1943,1.473
9.018869,0.1017,0.8582,1.1926,1.473
9.023630,0.0598,0.8348,1.2058,1.468
9.028844,0.0125,0.8128,1.2410,1.484
9.032603,-0.0591,0.8114,1.2909,1.526
9.038492,-0.1338,0.7947,1.3196,1.546
9.041891,-0.2020,0.7747,1.2892,1.518
9.047289,-0.2712,0.7586,1.2431,1.481
9.051359,-0.3201,0.7463,1.1839,1.436
9.056775,-0.3613,0.7688,1.0953,1.386
9.061293,-0.4022,0.7877,0.9873,1.326
9.065982,-0.4290,0.7814,0.8627,1.241
9.070444,-0.4566,0.7808,0.7221,1.157
9.074838,-0.4684,0.7860,0.5991,1.094
9.080084,-0.4794,0.7871,0.4942,1.046
9.084225,-0.4945,0.7867,0.3908,1.008
9.089354,-0.4900,0.7845,0.2842,0.968
9.094459,-0.4732,0.7519,0.1650,0.904
9.102994,-0.4487,0.7082,0.0667,0.841
9.103699,-0.4214,0.6725,-0.0228,0.794
9.107525,-0.4078,0.6210,-0.1084,0.751
9.117091,-0.3911,0.5609,-0.1853,0.708
9.117792,-0.3857,0.4971,-0.2679,0.684
9.122102,-0.4080,0.4251,-0.3395,0.680
9.126180,-0.4384,0.3451,-0.4101,0.692
9.131598,-0.4956,0.2576,-0.4826,0.738
9.135816,-0.5573,0.1651,-0.5525,0.802
9.140510,-0.6181,0.0753,-0.6255,0.883
9.145693,-0.7202,0.0026,-0.7141,1.014
9.150121,-0.8223,-0.0550,-0.7828,1.137
9.154735,-0.9003,-0.0974,-0.8417,1.236
9.159412,-0.9634,-0.1174,-0.9173,1.335
9.164158,-1.0305,-0.1078,-1.0097,1.447
9.168492,-1.0970,-0.0664,-1.1047,1.558
9.174200,-1.1580,-0.0100,-1.1925,1.662
9.178741,-1.2642,0.0634,-1.2993,1.814
9.182701,-1.3989,0.1109,-1.4126,1.991
9.191679,-1.5508,0.1373,-1.4939,2.158
9.197324,-1.7443,0.1616,-1.5640,2.348
9.197679,-1.9248,0.1863,-1.6297,2.529
9.201373,-2.0763,0.2300,-1.6594,2.668
9.209794,-2.2161,0.2927,-1.6670,2.788
9.210995,-2.3039,0.3479,-1.6856,2.876
9.216024,-2.3306,0.4026,-1.7054,2.916
9.220754,-2.3156,0.4400,-1.7143,2.915
9.224665,-2.2829,0.4794,-1.7289,2.904
9.229561,-2.2374,0.5135,-1.7325,2.876
9.234626,-2.1791,0.5259,-1.7323,2.833
9.238687,-2.1079,0.5261,-1.7427,2.785
9.243464,-2.0211,0.5122,-1.7424,2.717
9.248319,-1.9233,0.5057,-1.7269,2.634
9.253937,-1.8358,0.4899,-1.6892,2.542
9.257660,-1.7586,0.4530,-1.6437,2.449
9.262351,-1.6938,0.4118,-1.5810,2.353
9.267235,-1.6417,0.3614,-1.5083,2.258
9.272445,-1.5926,0.3209,-1.4493,2.177
9.276259,-1.5395,0.2901,-1.3897,2.094
9.281472,-1.4850,0.2426,-1.3364,2.012
9.285657,-1.4317,0.1761,-1.2988,1.941
9.290886,-1.3582,0.1096,-1.2793,1.869
9.301367,-1.2716,0.0599,-1.2873,1.810
9.301969,-1.1985,0.0244,-1.3012,1.769
9.308604,-1.1146,0.0154,-1.3069,1.718
9.309401,-1.0128,0.0233,-1.2971,1.646
9.314449,-0.8715,0.0528,-1.2577,1.531
9.319779,-0.7075,0.0900,-1.2293,1.421
9.323758,-0.5874,0.1207,-1.2265,1.365
9.329293,-0.5180,0.1476,-1.2233,1.337
9.332655,-0.4940,0.1782,-1.2058,1.315
9.338965,-0.4718,0.2127,-1.1265,1.240
9.341816,-0.4034,0.2414,-0.9667,1.075
9.347556,-0.2719,0.2904,-0.7649,0.862
9.351331,-0.1180,0.3352,-0.5571,0.661
9.356279,0.0013,0.3398,-0.3722,0.504
9.360662,0.0886,0.3278,-0.2177,0.403
9.365459,0.1511,0.3018,-0.0864,0.348
9.370843,0.2627,0.2447,0.0724,0.366
9.374762,0.3895,0.1752,0.2946,0.519
9.379484,0.4387,0.1100,0.5226,0.691
9.384841,0.4129,0.0631,0.7201,0.832
9.391366,0.3320,0.0439,0.8749,0.937
9.393439,0.2226,0.0572,1.0034,1.029
9.398968,0.0871,0.0979,1.0820,1.090
9.413563,-0.0556,0.1447,1.1060,1.117
9.414434,-0.2009,0.2050,1.0996,1.136
9.414949,-0.3347,0.2695,1.0250,1.111
9.417757,-0.4360,0.3454,0.9018,1.060
9.422414,-0.4981,0.4352,0.7805,1.023
9.426230,-0.5406,0.5201,0.6425,0.988
9.430753,-0.5735,0.5812,0.4954,0.955
9.436985,-0.5973,0.6279,0.3609,0.939
9.440984,-0.6287,0.6798,0.2344,0.955
9.445482,-0.6560,0.7414,0.1567,1.002
9.449690,-0.6698,0.8031,0.1420,1.055
9.454951,-0.6772,0.8338,0.1903,1.091
9.459337,-0.6825,0.8359,0.2796,1.115
9.463938,-0.6806,0.8332,0.3761,1.140
9.468269,-0.6542,0.8184,0.4770,1.151
9.473764,-0.5980,0.8223,0.5698,1.166
9.478395,-0.5188,0.8423,0.6518,1.185
9.482913,-0.4116,0.8588,0.7350,1.203
9.491237,-0.2933,0.8548,0.7955,1.204
9.492296,-0.1854,0.8348,0.7999,1.171
9.512732,-0.1096,0.8081,0.7820,1.130
9.513622,-0.0326,0.7506,0.7301,1.048
9.513973,0.0381,0.6696,0.6351,0.924
9.514402,0.0637,0.5748,0.5020,0.766
9.515992,0.0319,0.4856,0.3314,0.589
9.520096,-0.0506,0.4097,0.1619,0.443
9.524878,-0.1506,0.3594,0.0271,0.391
9.530444,-0.2396,0.3445,-0.0895,0.429
9.534624,-0.3205,0.3271,-0.1877,0.495
9.538628,-0.3887,0.2884,-0.2460,0.543
9.543536,-0.4418,0.2479,-0.2716,0.575
9.548334,-0.5134,0.1846,-0.2670,0.607
9.553932,-0.5698,0.0986,-0.2181,0.618
9.558162,-0.5990,0.0021,-0.1275,0.612
9.563670,-0.6124,-0.0811,-0.0122,0.618
9.567012,-0.5955,-0.1461,0.1369,0.628
9.571594,-0.5432,-0.2076,0.3243,0.666
9.576194,-0.4600,-0.2469,0.5261,0.741
9.580870,-0.3219,-0.2859,0.7373,0.854
9.586090,-0.1168,-0.3467,0.9650,1.032
9.591093,0.1314,-0.4465,1.1925,1.280
9.595082,0.3844,-0.5855,1.3745,1.543
9.611065,0.5946,-0.7568,1.4870,1.771
9.612551,0.7501,-0.9388,1.5634,1.972
9.612991,0.8487,-1.0980,1.6087,2.125
9.614047,0.8930,-1.2651,1.6490,2.262
9.618860,0.9069,-1.4181,1.6723,2.373
9.623364,0.8665,-1.5636,1.6403,2.426
9.628907,0.7531,-1.7104,1.5694,2.440
9.633021,0.5861,-1.8169,1.4570,2.402
9.638343,0.3562,-1.8729,1.3434,2.332
9.641974,0.0970,-1.8829,1.2667,2.271
9.647031,-0.1677,-1.8202,1.2175,2.196
9.651240,-0.4358,-1.6897,1.2172,2.128
9.656539,-0.7026,-1.5277,1.2876,2.118
9.660684,-0.9320,-1.3490,1.3997,2.156
9.665427,-1.1171,-1.1691,1.5420,2.234
9.670598,-1.2289,-1.0078,1.7001,2.327
9.674926,-1.2437,-0.8714,1.8480,2.392
9.680078,-1.1878,-0.7704,1.9860,2.439
9.684116,-1.0734,-0.7060,2.0929,2.456
9.689106,-0.8863,-0.6984,2.1549,2.432
9.693228,-0.6221,-0.7552,2.1650,2.376
9.700947,-0.3335,-0.8291,2.0950,2.278
9.703012,-0.1019,-0.9081,1.9140,2.121
9.711166,0.0370,-0.9848,1.6219,1.898
9.711906,0.0665,-1.0489,1.2644,1.644
9.723074,0.0202,-1.1161,0.8772,1.420
9.723946,-0.0473,-1.1997,0.4222,1.273
9.726286,-0.1458,-1.3054,-0.0889,1.317
9.730812,-0.2730,-1.4105,-0.6036,1.558
9.736586,-0.4076,-1.5137,-1.0743,1.900
9.740297,-0.5405,-1.6328,-1.5157,2.292
9.745354,-0.6288,-1.7477,-1.9064,2.662
9.749640,-0.6201,-1.8434,-2.2158,2.948
9.754610,-0.5147,-1.8858,-2.4273,3.117
9.758833,-0.4325,-1.8748,-2.5195,3.170
9.763868,-0.5530,-1.8749,-2.4855,3.162
9.769128,-0.8616,-1.8952,-2.3209,3.118
9.773197,-1.1833,-1.8881,-2.0737,3.044
9.778248,-1.3271,-1.8152,-1.8372,2.904
9.782408,-1.2410,-1.7129,-1.6350,2.673
9.787100,-1.0211,-1.6133,-1.3447,2.335
9.791781,-0.8184,-1.5152,-0.9159,1.951
9.799992,-0.7097,-1.4414,-0.3935,1.654
9.815863,-0.6492,-1.3791,0.1295,1.530
9.816683,-0.5243,-1.3198,0.5864,1.536
9.817002,-0.3183,-1.2625,0.9440,1.608
9.817312,-0.1026,-1.1794,1.1883,1.677
9.819783,0.0486,-1.0879,1.3484,1.733
9.825063,0.1118,-1.0194,1.4050,1.739
9.830746,0.0968,-0.9545,1.3391,1.647
9.834351,0.0492,-0.9047,1.1603,1.472
9.839170,-0.0017,-0.8791,0.8778,1.242
9.843457,-0.0605,-0.8913,0.5297,1.039
9.848225,-0.1167,-0.9546,0.1416,0.972
9.854085,-0.1195,-1.0655,-0.3132,1.117
9.858367,-0.0635,-1.1847,-0.8212,1.443
9.862282,-0.1028,-1.2513,-1.2613,1.780
9.867881,-0.2603,-1.2243,-1.5695,2.007
9.872452,-0.4162,-1.1323,-1.7486,2.124
9.875958,-0.5135,-1.0397,-1.7866,2.130
9.880883,-0.5257,-0.9369,-1.7771,2.077
9.886794,-0.4720,-0.8287,-1.8253,2.059
9.890287,-0.4169,-0.7561,-1.8977,2.085
9.894950,-0.3866,-0.7023,-1.9175,2.078
9.899915,-0.3600,-0.6605,-1.8512,1.998
9.907055,-0.3207,-0.6144,-1.7317,1.865
9.920438,-0.2936,-0.5815,-1.5825,1.711
9.921165,-0.2555,-0.5861,-1.3576,1.501
9.921458,-0.2379,-0.6240,-1.0710,1.262
9.923684,-0.2818,-0.6840,-0.7774,1.073
9.928465,-0.3114,-0.7524,-0.4380,0.925
9.932958,-0.3176,-0.8132,-0.0262,0.873
9.937320,-0.3917,-0.8481,0.3222,0.988
9.941549,-0.4983,-0.9028,0.5308,1.160
9.946976,-0.5761,-0.9891,0.6217,1.303
9.951751,-0.6539,-1.0712,0.5975,1.390
9.956544,-0.7282,-1.1382,0.4407,1.421
9.961448,-1.2345,-1.2247,-1.5573,2.334
9.965251,-2.5863,-0.9700,-6.0627,6.662
9.970645,-2.9486,-0.6854,-6.5295,7.197
9.975165,-1.9586,-0.8351,-3.4820,4.081
9.979849,-1.1975,-0.9760,-2.1047,2.611
9.983719,-0.6422,-0.9569,-0.9810,1.513
9.988303,-0.2183,-0.8410,0.2265,0.898
9.993856,0.0595,-0.6899,1.2889,1.463
9.998518,0.2405,-0.5739,2.1039,2.194
10.007230,0.3320,-0.4687,2.4996,2.565
10.007877,0.3535,-0.3328,2.5216,2.568
10.014683,0.3125,-0.1944,2.4333,2.461
10.017233,0.2113,-0.0739,2.3013,2.312
10.021677,0.0692,-0.0105,1.9557,1.957
10.025910,-0.0713,-0.0472,1.3294,1.332
10.030499,-0.2211,-0.1175,0.6259,0.674
10.035623,-0.4039,-0.1787,-0.0446,0.444
10.040118,-0.5998,-0.2455,-0.6629,0.927
10.044883,-0.7572,-0.3022,-1.1813,1.435
